position,league,team,player,champion,dmgtochamps,predicted,goldspent
Top,LMS,Wayi Spider,Rins,Camille,9773,16959.008652929235,15908
Top,LMS,Wayi Spider,Rins,Camille,4278,8250.366608537903,8333
Top,LMS,Machi 17,3z,Camille,13886,13271.081833318116,12908
Top,LMS,J Team,Morning,Camille,14625,13002.6483055668,12658
Top,LMS,AHQ e-Sports Club,Ziv,Camille,17397,12724.034385011022,12393
Top,LMS,Raise Gaming,Pk,Camille,13667,10951.810529448632,10558
Top,LMS,Machi 17,3z,Camille,15263,12713.638356099345,12383
Top,LMS,Raise Gaming,Pk,Camille,32400,48280.90877388908,28708
Top,LMS,Raise Gaming,Pk,Camille,11354,10079.60369264916,10783
Top,LMS,Wayi Spider,Nexus,Camille,19701,13995.23052204125,13558
Top,LMS,Wayi Spider,Nexus,Camille,11315,9895.925038705573,10558
Top,LMS,AHQ e-Sports Club,Ziv,Camille,9091,15002.146234621683,14408
Top,LMS,AHQ e-Sports Club,Ziv,Camille,7428,8149.829822961636,8183
Top,LMS,Machi 17,3z,Camille,11255,11292.697338795633,10933
Top,LMS,Raise Gaming,Pk,Camille,10642,9956.776307731127,10633
Top,LMS,J Team,Rest,Camille,12689,17709.831354350114,16438
Top,LMS,AHQ e-Sports Club,Ziv,Camille,12533,11109.591227989851,10733
Top,LMS,AHQ e-Sports Club,Ziv,Camille,19859,18783.34856562575,17158
Top,LMS,Raise Gaming,Pk,Camille,9472,13136.179418424223,12783
Top,LMS,Flash Wolves,MMD,Cho'gath,19763,16015.507727965738,12895
Top,LMS,Wayi Spider,Nexus,Cho'gath,17140,18985.796793059424,14225
Top,LMS,Machi 17,3z,Cho'gath,6322,12660.656834962789,11850
Top,LMS,Raise Gaming,Pk,Cho'gath,16205,12893.624807477903,11200
Top,LMS,Flash Wolves,MMD,Cho'gath,13558,11941.036983019567,10600
Top,LMS,Flash Wolves,MMD,Cho'gath,15020,13657.611894469486,11650
Top,LMS,J Team,Rest,Cho'gath,6858,8109.3910542409285,7575
Top,LMS,Machi 17,3z,Fiora,11143,13335.93881364132,11333
Top,LMS,Machi 17,3z,Fiora,13257,10837.781001748186,8600
Top,LMS,Machi 17,3z,Fiora,6557,11199.860475081103,9033
Top,LMS,Machi 17,3z,Fiora,6590,14642.17918981008,13900
Top,LMS,Raise Gaming,Pk,Fiora,29373,16390.018234583018,14050
Top,LMS,Flash Wolves,MMD,Fiora,10407,13790.896124041532,11775
Top,LMS,Machi 17,3z,Fiora,18900,15707.060503516142,14825
Top,LMS,Flash Wolves,MMD,Fiora,24929,19685.877289006825,17800
Top,LMS,Machi 17,3z,Galio,10541,10018.117832582784,10560
Top,LMS,Hong Kong Attitude,MapleSnow,Galio,12086,10093.95313828185,10750
Top,LMS,Hong Kong Attitude,MapleSnow,Galio,17704,9915.265624140147,10300
Top,LMS,Machi 17,3z,Galio,10073,11302.864302696298,13600
Top,LMS,Wayi Spider,Nexus,Galio,18368,16414.293057097926,23e3
Top,LMS,Flash Wolves,MMD,Galio,9824,10216.594446291661,8500
Top,LMS,Fire Ball,Ninuo,Galio,12851,9240.757424458574,8525
Top,LMS,Fire Ball,Ninuo,Galio,10549,10168.344339312225,10935
Top,LMS,Machi 17,3z,Gnar,18550,19729.127903111053,15400
Top,LMS,J Team,Morning,Gnar,25842,13048.741598579034,12075
Top,LMS,Fire Ball,Ninuo,Gnar,12681,10339.432687712142,9595
Top,LMS,Wayi Spider,Nexus,Gnar,11831,9351.667713903591,8525
Top,LMS,Hong Kong Attitude,Riris,Gnar,13248,14040.148905269125,11775
Top,LMS,Hong Kong Attitude,Riris,Gnar,13924,12225.267589117551,10300
Top,LMS,Wayi Spider,Nexus,Gnar,12077,13171.769181559375,12175
Top,LMS,Hong Kong Attitude,Riris,Gnar,6626,13459.596816797744,11325
Top,LMS,Machi 17,3z,Gnar,17951,16654.48196456296,14675
Top,LMS,Hong Kong Attitude,Riris,Gnar,12571,15162.692299099273,13675
Top,LMS,Hong Kong Attitude,Riris,Gnar,11676,11308.826746856932,10550
Top,LMS,Wayi Spider,Nexus,Gnar,13557,13024.704183055017,10975
Top,LMS,Machi 17,3z,Gnar,10426,10790.464673836961,10050
Top,LMS,Hong Kong Attitude,Riris,Gnar,23908,15779.640863783243,14100
Top,LMS,AHQ e-Sports Club,Ziv,Gnar,24897,14950.75417655067,13525
Top,LMS,Fire Ball,Ninuo,Gnar,9522,10739.953645896563,1e4
Top,LMS,Wayi Spider,Rins,Gragas,8595,9930.77309397145,10325
Top,LMS,Wayi Spider,Rins,Gragas,10041,9289.543667798247,9400
Top,LMS,eXtreme Gamers,Nexus,Gragas,14372,13617.320919857684,14700
Top,LMS,eXtreme Gamers,Nexus,Gragas,3729,9823.860620862975,10175
Top,LMS,eXtreme Gamers,Nexus,Gragas,8616,8736.875269580058,8550
Top,LMS,J Team,Morning,Gragas,34336,19219.227650912362,19475
Top,LMS,Fire Ball,Ninuo,Gragas,5998,8041.1128512163805,7400
Top,LMS,Hong Kong Esports,MapleSnow,Gragas,6717,7739.38458206853,6870
Top,LMS,Hong Kong Attitude,MapleSnow,Gragas,9014,10907.466909536786,11625
Top,LMS,Wayi Spider,Nexus,Gragas,14507,18848.311202735917,17800
Top,LMS,Wayi Spider,Nexus,Gragas,10936,12291.027968200882,11875
Top,LMS,Flash Wolves,Moonblackk,Gragas,12364,13373.863759245858,14450
Top,LMS,Wayi Spider,Nexus,Gragas,7929,8611.688520862652,8350
Top,LMS,Wayi Spider,Nexus,Gragas,12036,15759.896964443495,16725
Top,LMS,Fire Ball,Ninuo,Gragas,16253,11597.440393134584,12475
Top,LMS,Wayi Spider,Nexus,Gragas,6682,8412.07433929505,8025
Top,LMS,Machi 17,3z,Jarvan IV,16788,32028.723444191433,23575
Top,LMS,AHQ e-Sports Club,Ziv,Jarvan IV,14599,10806.77093131128,10900
Top,LMS,AHQ e-Sports Club,Ziv,Jarvan IV,17335,13533.653464939522,13525
Top,LMS,J Team,Morning,Jarvan IV,14140,17464.790170414803,16500
Top,LMS,J Team,Morning,Jarvan IV,15769,19356.862431163496,17700
Top,LMS,Hong Kong Attitude,MapleSnow,Jarvan IV,10128,8605.133057648658,9425
Top,LMS,Hong Kong Attitude,MapleSnow,Jarvan IV,11611,10413.246898509044,11650
Top,LMS,Flash Wolves,Moonblackk,Jarvan IV,12843,27726.62071756595,23075
Top,LMS,Raise Gaming,Pk,Jarvan IV,16499,20118.092947659894,18150
Top,LMS,Machi 17,3z,Jarvan IV,9952,8924.394885300926,9850
Top,LMS,Raise Gaming,Pk,Jarvan IV,14349,18190.551957967677,16975
Top,LMS,Raise Gaming,Pk,Jarvan IV,13445,11183.724918554177,11300
Top,LMS,Wayi Spider,Nexus,Jarvan IV,10973,14217.400237178848,14100
Top,LMS,Wayi Spider,Nexus,Jarvan IV,14141,15679.848886415499,16425
Top,LMS,J Team,Morning,Jarvan IV,20664,15791.465615377192,15325
Top,LMS,AHQ e-Sports Club,Ziv,Jarvan IV,7857,10062.262323412288,11250
Top,LMS,Flash Wolves,MMD,Jarvan IV,12944,12028.981406202496,12150
Top,LMS,Raise Gaming,Pk,Jarvan IV,14784,15128.967012972907,14825
Top,LMS,J Team,Morning,Jarvan IV,17878,16840.003739398227,16075
Top,LMS,J Team,Morning,Jarvan IV,17878,16840.003739398227,16075
Top,LMS,J Team,Morning,Jarvan IV,12489,12342.318556591445,12450
Top,LMS,Machi 17,3z,Jarvan IV,10346,8920.57085269345,9845
Top,LMS,Machi 17,3z,Jarvan IV,7167,8107.468936793892,8730
Top,LMS,Hong Kong Attitude,Riris,Jarvan IV,18793,21270.804807142216,18800
Top,LMS,Flash Wolves,MMD,Jarvan IV,13382,11080.905524028942,12375
Top,LMS,AHQ e-Sports Club,Ziv,Jarvan IV,18153,10684.496557918503,11950
Top,LMS,Fire Ball,Ninuo,Jarvan IV,19301,21778.158886902474,19075
Top,LMS,Machi 17,3z,Jarvan IV,10769,12111.7517217523,12230
Top,LMS,Raise Gaming,Pk,Jarvan IV,21308,14625.303160950334,14430
Top,LMS,Raise Gaming,Pk,Jarvan IV,9415,11009.897546602639,12300
Top,LMS,Fire Ball,Ninuo,Jarvan IV,5546,7454.2421008838955,7750
Top,LMS,Hong Kong Attitude,Riris,Jarvan IV,14056,9936.058648982627,9920
Top,LMS,AHQ e-Sports Club,Ziv,Jarvan IV,13468,10806.77093131128,10900
Top,LMS,J Team,Morning,Jarvan IV,8405,8161.68309624256,7625
Top,LMS,J Team,Morning,Jarvan IV,15180,9502.906511382274,9400
Top,LMS,J Team,Morning,Jarvan IV,24535,20958.152049626005,19810
Top,LMS,Raise Gaming,Pk,Jarvan IV,19392,11849.888024583575,11975
Top,LMS,Machi 17,3z,Jarvan IV,6628,9271.382394687262,10295
Top,LMS,Flash Wolves,MMD,Jarvan IV,8619,9543.721841924995,9450
Top,LMS,Flash Wolves,MMD,Jarvan IV,8019,8778.536214275126,8475
Top,LMS,Wayi Spider,Nexus,Jarvan IV,10237,12502.034710235235,12600
Top,LMS,Wayi Spider,Nexus,Jarvan IV,15272,12210.78151714016,12325
Top,LMS,Flash Wolves,MMD,Jarvan IV,11506,9341.38327629369,9200
Top,LMS,Hong Kong Attitude,Riris,Jarvan IV,8811,7830.845062469526,8325
Top,LMS,Raise Gaming,Pk,Jarvan IV,10984,11304.198293969133,11425
Top,LMS,Fire Ball,Ninuo,Jarvan IV,9642,8943.539651449117,9875
Top,LMS,Raise Gaming,Pk,Jarvan IV,9531,7483.050540483628,7795
Top,LMS,Flash Wolves,MMD,Jarvan IV,11573,13817.6135389164,14950
Top,LMS,Hong Kong Attitude,Riris,Jarvan IV,12922,8513.424703071876,9300
Top,LMS,Raise Gaming,Pk,Jarvan IV,2166,6841.90701583227,6750
Top,LMS,Fire Ball,Ninuo,Jarvan IV,9833,9395.384852371018,10450
Top,LMS,J Team,Rest,Jarvan IV,12792,9421.798764652576,9300
Top,LMS,AHQ e-Sports Club,Ziv,Jax,28514,22028.222776135513,17478
Top,LMS,Raise Gaming,Pk,Jax,7397,6105.898533367686,7633
Top,LMS,Raise Gaming,Pk,Jax,9021,7999.035549609983,9883
Top,LMS,AHQ e-Sports Club,Ziv,Jax,20642,14886.118650788881,14213
Top,LMS,Flash Wolves,MMD,Jax,12955,11843.432769519763,12308
Top,LMS,J Team,Rest,Jax,19535,15740.589943885932,14678
Top,LMS,Raise Gaming,Pk,Jax,8740,5978.981086256403,7458
Top,LMS,AHQ e-Sports Club,Ziv,Jax,11408,9149.605246425785,10158
Top,LMS,Raise Gaming,Pk,Jax,20641,16875.445884878613,15258
Top,LMS,J Team,Rest,Jax,11725,17930.754239238526,16608
Top,LMS,Raise Gaming,Pk,Jax,13119,14351.008784931959,13908
Top,LMS,Machi 17,3z,Jayce,17705,18479.43673050413,14625
Top,LMS,Flash Wolves,MMD,Jayce,7815,13667.642344143504,8500
Top,LMS,Flash Wolves,MMD,Jayce,15244,16223.05573684167,11105
Top,LMS,Hong Kong Attitude,Riris,Jayce,23540,20429.902546333364,16150
Top,LMS,Machi 17,3z,Jayce,26404,29376.685556503828,21670
Top,LMS,Hong Kong Attitude,Riris,Jayce,15006,11950.232485707129,8e3
Top,LMS,Hong Kong Attitude,Riris,Jayce,13919,13533.411513232706,8350
Top,LMS,Hong Kong Attitude,Riris,Jayce,33925,23611.97372290979,18350
Top,LMS,Flash Wolves,MMD,Jayce,12941,14296.9850594671,10725
Top,LMS,J Team,Morning,Kennen,27225,17754.15660667017,15350
Top,LMS,Machi 17,3z,Kennen,14961,22617.019985999512,20125
Top,LMS,Hong Kong Attitude,Riris,Kennen,22452,29290.14334928144,22310
Top,LMS,Fire Ball,Ninuo,Kennen,15561,12214.502838175844,11560
Top,LMS,Fire Ball,Ninuo,Kennen,5392,9854.35566622098,8575
Top,LMS,Hong Kong Attitude,Riris,Kennen,6911,8910.335012571097,7175
Top,LMS,Hong Kong Attitude,Riris,Kennen,12088,20798.174497120053,17550
Top,LMS,Flash Wolves,MMD,Kennen,13714,15767.25777997853,13700
Top,LMS,AHQ e-Sports Club,Ziv,Kennen,18384,19508.449870682853,16660
Top,LMS,Flash Wolves,MMD,Kled,35302,20582.937852875184,17705
Top,LMS,Flash Wolves,MMD,Kled,8133,10648.504046224107,9975
Top,LMS,J Team,Morning,Kled,13409,15998.989658748462,14750
Top,LMS,J Team,Morning,Kled,17130,10379.597152176333,9675
Top,LMS,J Team,Morning,Kled,15773,12736.359659397787,12075
Top,LMS,AHQ e-Sports Club,Ziv,Kled,15333,11596.197597123402,10975
Top,LMS,Wayi Spider,Nexus,Kled,7991,9638.28170366576,9995
Top,LMS,Wayi Spider,Nexus,Kled,18150,16135.976710181336,14850
Top,LMS,Raise Gaming,Pk,Kled,11188,13988.62480696045,13175
Top,LMS,AHQ e-Sports Club,Ziv,Kled,8571,11695.48692417127,11075
Top,LMS,AHQ e-Sports Club,Ziv,Kled,17359,14351.03170904823,13475
Top,LMS,Machi 17,3z,Kled,19304,30964.689203371236,22495
Top,LMS,Flash Wolves,MMD,Kled,18194,15594.966840298066,14450
Top,LMS,Raise Gaming,Pk,Kled,15407,17852.73977372229,17225
Top,LMS,Raise Gaming,Pk,Kled,15407,17852.73977372229,17225
Top,LMS,J Team,Morning,Kled,9714,10490.806437252875,9800
Top,LMS,AHQ e-Sports Club,Ziv,Kled,8217,8949.23926859879,9125
Top,LMS,Flash Wolves,MMD,Kled,11859,15086.084509430993,15250
Top,LMS,Machi 17,3z,Kled,15637,19095.172973585355,16825
Top,LMS,Machi 17,3z,Kled,24114,30872.42754585376,22460
Top,LMS,AHQ e-Sports Club,Ziv,Kled,15757,10323.010188971368,10800
Top,LMS,J Team,Morning,Kled,10769,10590.451070003804,11100
Top,LMS,Machi 17,3z,Kled,6405,9720.806901795544,10095
Top,LMS,J Team,Rest,Kled,9766,10231.010262162461,10695
Top,LMS,Machi 17,3z,Kled,6785,10313.43825104197,9600
Top,LMS,Machi 17,3z,Kled,16760,19589.876532919043,17125
Top,LMS,AHQ e-Sports Club,Ziv,Kled,10200,9762.334098880558,10145
Top,LMS,Fire Ball,Ninuo,Maokai,6956,11173.152193532937,8525
Top,LMS,Fire Ball,Ninuo,Maokai,15852,13715.247455838398,12150
Top,LMS,AHQ e-Sports Club,Ziv,Maokai,15963,16967.39809002386,14120
Top,LMS,eXtreme Gamers,Nexus,Maokai,13825,15762.30929497782,14610
Top,LMS,Flash Wolves,MMD,Maokai,15746,14881.180077734887,11800
Top,LMS,Wayi Spider,Rins,Maokai,12508,14870.433611026423,13580
Top,LMS,Flash Wolves,MMD,Maokai,19536,32586.001259142027,25660
Top,LMS,AHQ e-Sports Club,Ziv,Maokai,11024,13291.474553286975,11595
Top,LMS,Fire Ball,Ninuo,Maokai,13613,11125.864264563717,8450
Top,LMS,Wayi Spider,Nexus,Maokai,15630,11493.582815301563,9025
Top,LMS,AHQ e-Sports Club,Ziv,Maokai,11708,12576.884376079191,8825
Top,LMS,Machi 17,3z,Maokai,9250,11657.22789532406,9275
Top,LMS,Flash Wolves,MMD,Maokai,11735,11856.680463834393,9575
Top,LMS,J Team,Rest,Maokai,17858,14697.189625989668,11580
Top,LMS,Flash Wolves,MMD,Maokai,17373,14466.30632934977,11300
Top,LMS,Raise Gaming,Pk,Maokai,8969,11110.14613810825,8425
Top,LMS,Fire Ball,Ninuo,Maokai,7371,9727.586723870207,6075
Top,LMS,Raise Gaming,Pk,Maokai,10742,14168.547154409687,12725
Top,LMS,J Team,Morning,Nautilus,10099,9688.708513891497,10075
Top,LMS,J Team,Morning,Nautilus,16277,11212.437081177497,11600
Top,LMS,AHQ e-Sports Club,Ziv,Nautilus,14566,9828.908967804053,10225
Top,LMS,Wayi Spider,Rins,Nautilus,12638,12241.168902931655,13575
Top,LMS,Hong Kong Esports,MapleSnow,Nautilus,21785,14383.017502565348,14200
Top,LMS,Hong Kong Esports,MapleSnow,Nautilus,22838,15753.111662477415,15150
Top,LMS,Flash Wolves,MMD,Nautilus,10279,11239.317059082214,11625
Top,LMS,eXtreme Gamers,Nexus,Nautilus,13494,9361.677378369894,10775
Top,LMS,J Team,Morning,Nautilus,13726,14431.313930765937,14235
Top,LMS,eXtreme Gamers,Nexus,Nautilus,10597,8012.35026886183,9150
Top,LMS,Machi 17,BoBo,Nautilus,7767,9346.89435563708,9700
Top,LMS,Fire Ball,Ninuo,Nautilus,16335,24867.63018276373,20975
Top,LMS,J Team,Morning,Nautilus,20419,12204.292609978076,12485
Top,LMS,AHQ e-Sports Club,Ziv,Nautilus,7457,8272.413655312183,8425
Top,LMS,AHQ e-Sports Club,Ziv,Nautilus,12298,9257.798395846728,9600
Top,LMS,Raise Gaming,Pk,Nautilus,9084,12723.510043910366,12920
Top,LMS,Machi 17,3z,Renekton,9616,12220.046530733041,12950
Top,LMS,AHQ e-Sports Club,Ziv,Renekton,7804,9781.540425241998,11050
Top,LMS,Fire Ball,Ninuo,Renekton,15548,11491.000271960538,13575
Top,LMS,Fire Ball,Ninuo,Renekton,16674,13370.091272614827,14360
Top,LMS,Fire Ball,Ninuo,Renekton,7460,11417.933647826125,13475
Top,LMS,AHQ e-Sports Club,Ziv,Renekton,17577,12440.800313995262,14820
Top,LMS,Fire Ball,Ninuo,Renekton,10367,9828.44912906917,11125
Top,LMS,Flash Wolves,MMD,Renekton,14643,10586.213753288303,10700
Top,LMS,Flash Wolves,MMD,Renekton,8060,13340.27431474759,14325
Top,LMS,AHQ e-Sports Club,Ziv,Renekton,13692,12259.083964381578,13e3
Top,LMS,AHQ e-Sports Club,Ziv,Renekton,14947,12560.409519652061,14970
Top,LMS,Fire Ball,Ninuo,Renekton,12798,12298.771796745232,14640
Top,LMS,AHQ e-Sports Club,Ziv,Renekton,10523,10204.960280142035,10125
Top,LMS,Raise Gaming,Pk,Renekton,25226,14878.385126528632,17625
Top,LMS,Machi 17,3z,Renekton,8896,9604.909526710373,9175
Top,LMS,Hong Kong Attitude,Riris,Renekton,13234,11582.991428614798,13700
Top,LMS,Flash Wolves,MMD,Renekton,22288,14173.685772844943,15275
Top,LMS,J Team,Morning,Renekton,15053,8903.177536720164,9575
Top,LMS,Fire Ball,Ninuo,Renekton,5067,8460.235911520807,8775
Top,LMS,AHQ e-Sports Club,Ziv,Renekton,10772,11193.888048328794,11575
Top,LMS,AHQ e-Sports Club,Ziv,Renekton,8252,10459.131286903952,12100
Top,LMS,Machi 17,3z,Renekton,8693,15522.435388301767,16700
Top,LMS,Fire Ball,Ninuo,Renekton,8719,9938.779469669344,11300
Top,LMS,Hong Kong Attitude,Riris,Renekton,21792,16800.816669503376,19530
Top,LMS,Flash Wolves,MMD,Renekton,9858,13559.044189138473,14580
Top,LMS,Flash Wolves,MMD,Renekton,8689,10091.675067711742,9950
Top,LMS,Flash Wolves,MMD,Renekton,8854,12921.506782149001,13825
Top,LMS,Machi 17,3z,Rumble,15066,19226.69678116979,13525
Top,LMS,Machi 17,3z,Rumble,20568,16234.606054014452,10400
Top,LMS,J Team,Morning,Rumble,17803,19303.538271829544,12400
Top,LMS,Flash Wolves,MMD,Rumble,15464,18090.00694455014,11650
Top,LMS,AHQ e-Sports Club,Ziv,Rumble,19e3,17571.271558812932,12485
Top,LMS,Fire Ball,Ninuo,Rumble,22993,21629.047299558373,14885
Top,LMS,Hong Kong Attitude,Riris,Rumble,32302,16754.23180713318,11935
Top,LMS,Hong Kong Attitude,Riris,Rumble,23076,23658.719840322316,14750
Top,LMS,Fire Ball,Ninuo,Rumble,25584,22275.14648262056,15225
Top,LMS,J Team,Morning,Rumble,25570,21333.500854824477,13555
Top,LMS,Wayi Spider,Nexus,Rumble,20185,23924.263376148007,16050
Top,LMS,AHQ e-Sports Club,Ziv,Rumble,11613,17940.172337418127,12725
Top,LMS,Fire Ball,Ninuo,Rumble,5584,12672.792213194802,8710
Top,LMS,Wayi Spider,Nexus,Rumble,16451,16625.74403540763,10675
Top,LMS,Hong Kong Attitude,Riris,Rumble,17553,16770.300641436086,10775
Top,LMS,J Team,Morning,Rumble,22194,16995.272060286115,12100
Top,LMS,J Team,Morning,Rumble,23204,18160.61806215326,11695
Top,LMS,J Team,Morning,Rumble,19326,16958.52912375646,12075
Top,LMS,Fire Ball,Ninuo,Rumble,13045,13464.512143698223,9410
Top,LMS,J Team,Morning,Rumble,24697,17708.711926289772,12575
Top,LMS,Machi 17,3z,Rumble,10357,12552.68353405629,8600
Top,LMS,Machi 17,3z,Rumble,20098,16930.76502766345,10885
Top,LMS,Machi 17,3z,Rumble,13503,16661.76594823942,10700
Top,LMS,Hong Kong Attitude,Riris,Rumble,18997,19220.16190961249,12350
Top,LMS,Hong Kong Attitude,Riris,Rumble,14748,15969.753540545316,10210
Top,LMS,Hong Kong Attitude,Riris,Rumble,42906,32661.959723332504,18475
Top,LMS,Raise Gaming,Pk,Rumble,18453,11891.539709627054,7975
Top,LMS,Hong Kong Esports,MapleSnow,Shen,4696,8109.879922335193,8575
Top,LMS,Wayi Spider,Rins,Shen,6428,9549.009668502269,11200
Top,LMS,Fire Ball,Ninuo,Shen,21852,11491.095396458533,14175
Top,LMS,AHQ e-Sports Club,Ziv,Shen,33387,14834.773724819877,16650
Top,LMS,Wayi Spider,Nexus,Shen,21958,10631.110107563349,12925
Top,LMS,Wayi Spider,Nexus,Shen,15638,8630.593761743625,9575
Top,LMS,Wayi Spider,Nexus,Shen,14527,7566.240715057793,7460
Top,LMS,Hong Kong Attitude,MapleSnow,Shen,15425,9549.009668502269,11200
Top,LMS,Hong Kong Attitude,MapleSnow,Shen,3473,9822.725617868871,10025
Top,LMS,Wayi Spider,Nexus,Shen,8070,12327.579994854637,13675
Top,LMS,Raise Gaming,Pk,Shen,16079,10584.333468339131,11225
Top,LMS,Fire Ball,Ninuo,Shen,19162,16261.773628476773,19755
Top,LMS,Fire Ball,Ninuo,Shen,5483,8711.533533567497,9725
Top,LMS,J Team,Morning,Shen,14521,13446.297446757684,16700
Top,LMS,Fire Ball,Ninuo,Shen,10098,7630.073084796798,7595
Top,LMS,Wayi Spider,Nexus,Shen,22469,14927.378724762606,16750
Top,LMS,Flash Wolves,MMD,Shen,14960,9506.99424624693,9500
Top,LMS,Wayi Spider,Nexus,Shen,7006,8262.705983249145,8875
Top,LMS,Raise Gaming,Pk,Shen,11743,10952.870485915611,11775
Top,LMS,Fire Ball,Ninuo,Shen,9934,10005.251765131712,11950
Top,LMS,Wayi Spider,Nexus,Shen,7235,9357.822462631302,10875
Top,LMS,Raise Gaming,Pk,Shen,9643,11211.476126185977,12150
Top,LMS,Wayi Spider,Nexus,Shen,14323,12816.493934496782,14300
Top,LMS,Hong Kong Attitude,Riris,Shen,11116,15351.307267656679,17200
Top,LMS,Hong Kong Attitude,Riris,Shen,9747,11728.887711566767,12875
Top,LMS,Flash Wolves,MMD,Shen,7089,8644.031310459426,9600
Top,LMS,Hong Kong Attitude,Riris,Shen,7776,13788.755834511896,15475
Top,LMS,J Team,Rest,Shen,6846,12478.753696757563,15500
Jungle,LMS,Hong Kong Attitude,Gemini,Cho'gath,6385,9784.786706167011,11270
Jungle,LMS,Hong Kong Attitude,Gemini,Cho'gath,8148,9671.815342672828,11200
Jungle,LMS,Hong Kong Attitude,Gemini,Cho'gath,11528,11999.703741060617,12500
Jungle,LMS,Hong Kong Attitude,Gemini,Cho'gath,9933,8434.674260812564,10375
Jungle,LMS,J Team,REFRA1N,Elise,7817,9872.720880614952,10175
Jungle,LMS,Machi 17,Taizan,Elise,10419,8751.281024954338,9100
Jungle,LMS,Flash Wolves,Karsa,Elise,47787,16217.606303772192,14600
Jungle,LMS,AHQ e-Sports Club,Mountain,Elise,12240,9568.684482205503,10800
Jungle,LMS,Hong Kong Esports,Gemini,Elise,3902,5776.28950727283,6300
Jungle,LMS,Wayi Spider,Epic,Elise,16029,12246.677561379931,13e3
Jungle,LMS,Hong Kong Attitude,Gemini,Elise,7383,8086.9447043204345,9300
Jungle,LMS,Hong Kong Attitude,Gemini,Elise,10089,8270.406224387583,9500
Jungle,LMS,Wayi Spider,Epic,Elise,7663,6777.403220727058,7725
Jungle,LMS,AHQ e-Sports Club,Mountain,Elise,7107,10982.800819060078,11125
Jungle,LMS,Hong Kong Attitude,Gemini,Elise,10785,9922.677849310772,10220
Jungle,LMS,Machi 17,Taizan,Elise,16127,10716.456202043722,11810
Jungle,LMS,Hong Kong Attitude,once1,Elise,5439,7392.902883181641,8500
Jungle,LMS,Flash Wolves,Karsa,Elise,11449,9703.78609162708,10925
Jungle,LMS,Raise Gaming,Laba,Elise,8273,15893.466177563278,14420
Jungle,LMS,Raise Gaming,Laba,Elise,9684,7910.992519005709,8200
Jungle,LMS,Machi 17,Taizan,Elise,6057,7168.350710667155,8225
Jungle,LMS,AHQ e-Sports Club,Mountain,Elise,11559,9956.122853686133,10250
Jungle,LMS,Wayi Spider,Epic,Elise,10247,11879.862000971993,11825
Jungle,LMS,Machi 17,Taizan,Elise,14614,15680.980009789228,14300
Jungle,LMS,Fire Ball,Wind,Elise,9931,9356.423397015762,10600
Jungle,LMS,J Team,Alex,Elise,7803,10837.33198218163,11910
Jungle,LMS,J Team,Alex,Elise,9413,8306.548869251854,8635
Jungle,LMS,Hong Kong Attitude,Gemini,Elise,16114,20410.142010014686,16650
Jungle,LMS,Wayi Spider,Epic,Elise,10011,10408.4513064667,11550
Jungle,LMS,Fire Ball,Wind,Elise,1687,6213.1472768046715,6950
Jungle,LMS,Machi 17,Taizan,Elise,20763,14129.47028121591,14275
Jungle,LMS,Raise Gaming,Laba,Elise,10560,11747.35820855713,11725
Jungle,LMS,AHQ e-Sports Club,Mountain,Elise,11843,12383.253878594021,12195
Jungle,LMS,Raise Gaming,Laba,Elise,13451,10366.365316398798,10610
Jungle,LMS,Raise Gaming,Laba,Elise,14595,12844.606849740168,13425
Jungle,LMS,Hong Kong Attitude,Gemini,Elise,6577,7088.397454101918,8125
Jungle,LMS,Hong Kong Attitude,Gemini,Elise,11584,10292.359110180276,11450
Jungle,LMS,Flash Wolves,Karsa,Elise,10421,10096.694760266744,10375
Jungle,LMS,Fire Ball,Wulala,Elise,7688,6683.044372111335,7600
Jungle,LMS,AHQ e-Sports Club,Mountain,Elise,11325,11244.563308951847,11335
Jungle,LMS,Wayi Spider,Epic,Elise,6467,7188.4795402079035,8250
Jungle,LMS,Raise Gaming,Laba,Elise,11983,6911.748020205434,7900
Jungle,LMS,J Team,Alex,Elise,12e3,8363.691895096488,9600
Jungle,LMS,Flash Wolves,Karsa,Elise,9311,8629.440730886852,8975
Jungle,LMS,Flash Wolves,Karsa,Elise,10281,7910.992519005709,8200
Jungle,LMS,AHQ e-Sports Club,Mountain,Elise,6696,7845.710457096142,9030
Jungle,LMS,Wayi Spider,Epic,Elise,15772,10829.892041743533,11e3
Jungle,LMS,Wayi Spider,Epic,Elise,11733,11422.528534199242,11475
Jungle,LMS,J Team,Alex,Elise,8090,8096.020365701271,9310
Jungle,LMS,Machi 17,Taizan,Elise,9149,8949.81376853985,9300
Jungle,LMS,Wayi Spider,Epic,Elise,6159,7983.302981889618,9185
Jungle,LMS,Wayi Spider,Epic,Elise,13819,10921.3799279455,11075
Jungle,LMS,Wayi Spider,Epic,Elise,6362,6853.848631987015,7825
Jungle,LMS,Hong Kong Attitude,Gemini,Elise,12243,15369.500758614879,15025
Jungle,LMS,Wayi Spider,Epic,Elise,12460,8064.3000364809795,9275
Jungle,LMS,Wayi Spider,Epic,Elise,10924,7863.3302057907995,9050
Jungle,LMS,AHQ e-Sports Club,Mountain,Elise,12708,9762.604032622268,10075
Jungle,LMS,Flash Wolves,Karsa,Elise,38310,16301.721787575862,15550
Jungle,LMS,Raise Gaming,Laba,Elise,3986,5940.553508367377,6550
Jungle,LMS,Machi 17,Taizan,Elise,17360,9568.684482205503,10800
Jungle,LMS,Wayi Spider,Epic,Elise,9099,7955.483253081792,8250
Jungle,LMS,Flash Wolves,Karsa,Elise,11145,11780.344955506109,11750
Jungle,LMS,J Team,Breaker,Elise,9384,10321.26019921219,11475
Jungle,LMS,Flash Wolves,Karsa,Elise,9195,12320.908830638191,12150
Jungle,LMS,Raise Gaming,Laba,Gragas,19737,13838.548341090616,16250
Jungle,LMS,Raise Gaming,Laba,Gragas,4074,7064.77948310844,9225
Jungle,LMS,AHQ e-Sports Club,Mountain,Gragas,9547,7302.108487221721,9525
Jungle,LMS,AHQ e-Sports Club,Mountain,Gragas,10958,10144.426546346074,12510
Jungle,LMS,Machi 17,Taizan,Gragas,11231,10981.024033965667,14150
Jungle,LMS,AHQ e-Sports Club,Mountain,Gragas,4247,6293.246804676491,8175
Jungle,LMS,Machi 17,Taizan,Gragas,8366,5813.152096505,8375
Jungle,LMS,Raise Gaming,Laba,Gragas,7e3,11565.059228450473,13700
Jungle,LMS,Raise Gaming,Laba,Gragas,7077,7715.505734168185,10025
Jungle,LMS,AHQ e-Sports Club,Mountain,Gragas,8279,8273.971081030053,11580
Jungle,LMS,AHQ e-Sports Club,Mountain,Gragas,8320,7068.2825668259675,10150
Jungle,LMS,Flash Wolves,REFRA1N,Gragas,4755,5699.355572269475,7275
Jungle,LMS,Flash Wolves,REFRA1N,Gragas,8108,9381.37756757725,11800
Jungle,LMS,Raise Gaming,Laba,Gragas,5412,8952.367776647769,11375
Jungle,LMS,Raise Gaming,Laba,Gragas,6674,8542.507066393347,11870
Jungle,LMS,Raise Gaming,Laba,Gragas,6674,8542.507066393347,11870
Jungle,LMS,Fire Ball,Wulala,Gragas,4401,6454.346982329357,9325
Jungle,LMS,Flash Wolves,Karsa,Gragas,6815,5842.355846608723,7500
Jungle,LMS,Machi 17,Taizan,Gragas,6491,5235.655503123389,7425
Jungle,LMS,Hong Kong Attitude,Gemini,Gragas,9631,11005.8440737459,13250
Jungle,LMS,Flash Wolves,Karsa,Gragas,6609,8242.590785563743,10625
Jungle,LMS,Flash Wolves,Karsa,Gragas,13829,10077.610474988991,12450
Jungle,LMS,Raise Gaming,Laba,Gragas,13640,15786.066377538129,16525
Jungle,LMS,Raise Gaming,Laba,Gragas,3463,4900.853518923633,6825
Jungle,LMS,Flash Wolves,Karsa,Gragas,9356,9637.96872459385,12045
Jungle,LMS,Hong Kong Attitude,Gemini,Gragas,7788,6005.457034304928,7750
Jungle,LMS,AHQ e-Sports Club,Mountain,Gragas,3123,6910.861088862121,9025
Jungle,LMS,Wayi Spider,Epic,Gragas,4259,7952.767077797664,10300
Jungle,LMS,Wayi Spider,Epic,Gragas,6300,4955.128776098066,6925
Jungle,LMS,Flash Wolves,Karsa,Gragas,5111,7711.2580600657075,10020
Jungle,LMS,J Team,Alex,Gragas,15922,13800.497072600167,16225
Jungle,LMS,AHQ e-Sports Club,Mountain,Gragas,4668,5562.612304911409,7975
Jungle,LMS,AHQ e-Sports Club,Mountain,Gragas,6569,8829.96304545555,11250
Jungle,LMS,Hong Kong Attitude,Gemini,Gragas,5858,6631.245026306041,8650
Jungle,LMS,Hong Kong Attitude,Gemini,Gragas,5565,7423.746203437022,9675
Jungle,LMS,Fire Ball,Wulala,Gragas,7734,8500.273433484179,11825
Jungle,LMS,Flash Wolves,Karsa,Gragas,4028,6797.626970009699,8875
Jungle,LMS,Hong Kong Attitude,Gemini,Gragas,6248,7182.463799000738,9375
Jungle,LMS,Fire Ball,Wulala,Gragas,7158,5670.866627012679,8150
Jungle,LMS,AHQ e-Sports Club,Mountain,Gragas,8969,7362.676154707431,9600
Jungle,LMS,AHQ e-Sports Club,Mountain,Gragas,11455,11313.094485592928,13500
Jungle,LMS,Hong Kong Attitude,Gemini,Gragas,5723,6489.988404840138,9375
Jungle,LMS,Hong Kong Attitude,Gemini,Gragas,7036,5593.329496900902,8025
Jungle,LMS,Machi 17,Taizan,Gragas,4183,5686.502561534662,8175
Jungle,LMS,Machi 17,Taizan,Gragas,7363,6275.942531284579,8150
Jungle,LMS,Machi 17,Taizan,Gragas,4689,5781.227692782432,8325
Jungle,LMS,Flash Wolves,Karsa,Gragas,20284,12395.335905623786,15250
Jungle,LMS,Hong Kong Attitude,GodKwai,Gragas,10402,9006.267031223691,12350
Jungle,LMS,J Team,Alex,Gragas,11215,6872.908336928451,8975
Jungle,LMS,AHQ e-Sports Club,Mountain,Graves,8935,10923.478767836665,12025
Jungle,LMS,Wayi Spider,Epic,Graves,4365,6537.229797854312,7850
Jungle,LMS,Wayi Spider,Epic,Graves,9189,7039.442198759909,8600
Jungle,LMS,eXtreme Gamers,Pony,Graves,7997,10395.193813400807,12550
Jungle,LMS,Hong Kong Esports,Gemini,Graves,10527,13079.141598174623,13850
Jungle,LMS,Flash Wolves,Karsa,Graves,17161,12492.508519558827,13385
Jungle,LMS,Machi 17,Taizan,Graves,10770,10244.774558847077,11375
Jungle,LMS,Fire Ball,Wind,Graves,21501,32594.445981227793,24130
Jungle,LMS,AHQ e-Sports Club,Mountain,Graves,11492,10293.111047619266,12450
Jungle,LMS,Fire Ball,Wind,Graves,4188,5651.662816641156,6375
Jungle,LMS,Hong Kong Esports,Wulala,Graves,6983,6867.891340215449,8350
Jungle,LMS,Hong Kong Attitude,Gemini,Graves,9876,7468.851829248429,9200
Jungle,LMS,Fire Ball,Wulala,Graves,8228,9441.581506427316,11575
Jungle,LMS,Hong Kong Attitude,once1,Graves,6685,8304.770222902267,10275
Jungle,LMS,Fire Ball,Wulala,Graves,21441,26446.460017442874,22012
Jungle,LMS,Hong Kong Attitude,Gemini,Graves,10266,12056.473513249668,13025
Jungle,LMS,Hong Kong Attitude,Gemini,Graves,15364,15776.547300526232,15750
Jungle,LMS,Hong Kong Attitude,Gemini,Graves,12559,10628.5969814188,12775
Jungle,LMS,Fire Ball,Wulala,Graves,9644,8102.383382932996,10025
Jungle,LMS,Wayi Spider,Epic,Graves,6209,6766.9741311381995,8200
Jungle,LMS,Fire Ball,Wind,Graves,8448,8122.398110846892,10050
Jungle,LMS,Raise Gaming,Laba,Ivern,11264,5666.400649900618,11200
Jungle,LMS,Raise Gaming,Laba,Ivern,3738,4036.913887891435,8100
Jungle,LMS,Flash Wolves,Karsa,Ivern,5264,4640.080244669992,10300
Jungle,LMS,Machi 17,Taizan,Ivern,8056,6034.221169109007,11775
Jungle,LMS,Machi 17,Taizan,Ivern,4807,3698.686093093574,7300
Jungle,LMS,Fire Ball,Wind,Jarvan IV,10595,9798.849371801527,12525
Jungle,LMS,Flash Wolves,Karsa,Jarvan IV,6225,8374.749097911737,12075
Jungle,LMS,AHQ e-Sports Club,Mountain,Jarvan IV,8198,8958.359382420858,11800
Jungle,LMS,J Team,Alex,Jarvan IV,6315,6301.110148650884,9775
Jungle,LMS,AHQ e-Sports Club,Mountain,Jarvan IV,3763,4668.17799558355,7350
Jungle,LMS,Machi 17,Taizan,Jarvan IV,2664,5250.2608839325385,8300
Jungle,LMS,Hong Kong Attitude,Gemini,Jarvan IV,9329,8745.277845107752,12425
Jungle,LMS,Wayi Spider,Epic,Jarvan IV,6103,8389.907505130768,11270
Jungle,LMS,AHQ e-Sports Club,Mountain,Jarvan IV,7106,7259.478399893635,10100
Jungle,LMS,Raise Gaming,Laba,Jarvan IV,5807,8189.961880172623,11075
Jungle,LMS,Flash Wolves,Karsa,Jarvan IV,4342,4981.385106894936,7875
Jungle,LMS,Hong Kong Attitude,GodKwai,Jarvan IV,10356,12167.017084378764,14275
Jungle,LMS,Hong Kong Attitude,GodKwai,Jarvan IV,6770,10791.361770962723,13305
Jungle,LMS,Raise Gaming,Laba,Jarvan IV,6377,7259.478399893635,10100
Jungle,LMS,Flash Wolves,Karsa,Jarvan IV,10361,8235.67605473616,11120
Jungle,LMS,Flash Wolves,Karsa,Jarvan IV,4859,5864.613117838877,8375
Jungle,LMS,Raise Gaming,Laba,Jarvan IV,6466,8009.628615360081,10895
Jungle,LMS,Raise Gaming,Laba,Jarvan IV,6436,4512.0568050735255,7075
Jungle,LMS,Raise Gaming,Laba,Jarvan IV,3580,6052.826850760705,9450
Jungle,LMS,Fire Ball,Wind,Kha'zix,8654,9849.682081608777,11475
Jungle,LMS,AHQ e-Sports Club,Mountain,Kha'zix,16662,12685.451914407362,13125
Jungle,LMS,Wayi Spider,Epic,Kha'zix,10720,12368.876194050263,12850
Jungle,LMS,Hong Kong Esports,Wulala,Kha'zix,7548,10387.19122671343,10950
Jungle,LMS,eXtreme Gamers,Pony,Kha'zix,5825,10571.92748570962,12245
Jungle,LMS,Flash Wolves,Karsa,Kha'zix,10405,10653.04662808492,11225
Jungle,LMS,Hong Kong Esports,Gemini,Kha'zix,4910,6206.778160671189,6450
Jungle,LMS,Wayi Spider,Epic,Kha'zix,12803,9172.56276541741,10700
Jungle,LMS,J Team,REFRA1N,Kha'zix,13692,10628.599362191022,11200
Jungle,LMS,eXtreme Gamers,Pony,Kha'zix,4534,7140.546866017193,7975
Jungle,LMS,eXtreme Gamers,Pony,Kha'zix,5979,7042.789822634591,7825
Jungle,LMS,Fire Ball,Wind,Kha'zix,16854,14383.287740431439,15595
Jungle,LMS,AHQ e-Sports Club,Mountain,Kha'zix,22704,18618.17204989563,17300
Jungle,LMS,J Team,REFRA1N,Kha'zix,11644,11624.917666052961,12175
Jungle,LMS,AHQ e-Sports Club,Mountain,Kha'zix,9652,8663.086255045784,8975
Jungle,LMS,AHQ e-Sports Club,Mountain,Kha'zix,11481,9762.42634316084,10275
Jungle,LMS,Machi 17,Taizan,Kha'zix,18500,16750.919579266763,16150
Jungle,LMS,Machi 17,Taizan,Kha'zix,9259,8943.654037169064,10425
Jungle,LMS,J Team,Alex,Kha'zix,13732,10925.706476673731,11500
Jungle,LMS,AHQ e-Sports Club,Mountain,Kha'zix,5747,8009.788038738265,9225
Jungle,LMS,AHQ e-Sports Club,Mountain,Kha'zix,11325,11465.767729511284,12025
Jungle,LMS,Fire Ball,Wulala,Kha'zix,15529,11227.8421826585,12900
Jungle,LMS,Wayi Spider,Epic,Kha'zix,13525,10677.550126111491,11250
Jungle,LMS,J Team,Alex,Kha'zix,14517,14526.989145010477,14600
Jungle,LMS,Wayi Spider,Epic,Kha'zix,9840,14427.206202214866,14525
Jungle,LMS,Fire Ball,Wulala,Kha'zix,6228,7614.994986497747,8675
Jungle,LMS,Wayi Spider,Epic,Kha'zix,7175,7091.49989748509,7900
Jungle,LMS,Fire Ball,Wind,Kha'zix,15754,11048.7147837529,12725
Jungle,LMS,Flash Wolves,REFRA1N,Kha'zix,13819,11256.951935492405,11825
Jungle,LMS,J Team,Alex,Kha'zix,10250,10058.4034866186,10600
Jungle,LMS,AHQ e-Sports Club,Mountain,Kha'zix,13051,13010.130245312639,13400
Jungle,LMS,AHQ e-Sports Club,Mountain,Kha'zix,11286,11515.21366016914,13175
Jungle,LMS,Raise Gaming,Laba,Kha'zix,7800,8541.992217456394,9925
Jungle,LMS,Fire Ball,Wind,Kha'zix,13934,8943.654037169064,10425
Jungle,LMS,Wayi Spider,Epic,Kha'zix,27028,24747.788813884406,21500
Jungle,LMS,J Team,Breaker,Kha'zix,12143,11922.452108672165,12450
Jungle,LMS,J Team,Alex,Kha'zix,16103,15170.74539214846,16175
Jungle,LMS,Raise Gaming,Laba,Kha'zix,12647,9717.670924401807,10225
Jungle,LMS,Wayi Spider,Epic,Lee Sin,6088,5371.997973055593,8250
Jungle,LMS,Wayi Spider,Epic,Lee Sin,11402,7612.518842267033,12250
Jungle,LMS,eXtreme Gamers,Pony,Lee Sin,3060,5969.419275696967,9460
Jungle,LMS,Hong Kong Esports,Gemini,Lee Sin,5365,4622.190142741425,6525
Jungle,LMS,J Team,REFRA1N,Lee Sin,4284,7312.311535231481,10625
Jungle,LMS,Wayi Spider,Epic,Lee Sin,10585,7513.653449526392,12100
Jungle,LMS,Flash Wolves,Karsa,Lee Sin,11774,14747.96755747923,18675
Jungle,LMS,J Team,REFRA1N,Lee Sin,13806,11795.470249129763,17275
Jungle,LMS,J Team,REFRA1N,Lee Sin,7395,8171.674480978731,11900
Jungle,LMS,Flash Wolves,Karsa,Lee Sin,6854,6693.2774651102645,9610
Jungle,LMS,Flash Wolves,Karsa,Lee Sin,7711,6223.51349961336,8775
Jungle,LMS,J Team,Alex,Lee Sin,9955,5804.39725210696,7975
Jungle,LMS,Hong Kong Attitude,Gemini,Lee Sin,5817,6229.8511450359365,9950
Jungle,LMS,Wayi Spider,Epic,Lee Sin,11456,9312.864000812919,13400
Jungle,LMS,Raise Gaming,Laba,Lee Sin,8154,6643.87935022535,9525
Jungle,LMS,Flash Wolves,Karsa,Lee Sin,8337,10171.228941810814,15575
Jungle,LMS,Machi 17,Taizan,Lee Sin,3721,6270.703696475124,10025
Jungle,LMS,Wayi Spider,Epic,Lee Sin,10912,9101.585592011414,14300
Jungle,LMS,J Team,Alex,Lee Sin,14205,8406.431957009261,12225
Jungle,LMS,Fire Ball,Wind,Lee Sin,5527,5709.913573394808,8950
Jungle,LMS,Hong Kong Attitude,Gemini,Lee Sin,3674,4301.531381233798,5700
Jungle,LMS,J Team,Alex,Lee Sin,10068,9664.262512249412,13825
Jungle,LMS,J Team,Alex,Lee Sin,10068,9664.262512249412,13825
Jungle,LMS,Fire Ball,Wulala,Lee Sin,10671,5065.103789171572,7575
Jungle,LMS,Machi 17,Taizan,Lee Sin,5051,5021.153929710797,7475
Jungle,LMS,Wayi Spider,Epic,Lee Sin,5560,8073.760675532892,12925
Jungle,LMS,AHQ e-Sports Club,Mountain,Lee Sin,6508,6450.849708916812,10350
Jungle,LMS,Flash Wolves,Karsa,Lee Sin,6114,5848.409472697118,9225
Jungle,LMS,AHQ e-Sports Club,Mountain,Lee Sin,4063,7240.452402445296,11675
Jungle,LMS,Fire Ball,Wind,Lee Sin,7891,6436.810452993824,10325
Jungle,LMS,AHQ e-Sports Club,Mountain,Lee Sin,4549,9920.262377297633,14125
Jungle,LMS,AHQ e-Sports Club,Mountain,Lee Sin,4644,6805.028907681538,9800
Jungle,LMS,J Team,Alex,Lee Sin,8412,6257.056499906531,1e4
Jungle,LMS,Fire Ball,Wulala,Lee Sin,5530,5899.600250353463,9325
Jungle,LMS,Fire Ball,Wind,Lee Sin,6640,5279.17687670144,8050
Jungle,LMS,Raise Gaming,Laba,Maokai,9758,8316.39097744781,8445
Jungle,LMS,Wayi Spider,Epic,Maokai,15241,7956.868271749704,9050
Jungle,LMS,Raise Gaming,Laba,Maokai,6691,6648.785430452684,7150
Jungle,LMS,Machi 17,Taizan,Maokai,9815,8622.57217420657,9900
Jungle,LMS,Hong Kong Attitude,Gemini,Maokai,5807,7880.158327477266,7875
Jungle,LMS,Machi 17,Taizan,Maokai,22532,14430.164511801951,14275
Jungle,LMS,Flash Wolves,Karsa,Maokai,8112,8766.394992847292,10075
Jungle,LMS,Fire Ball,Wind,Nidalee,5235,6042.531046986429,6900
Jungle,LMS,Raise Gaming,Laba,Nidalee,5793,5732.799521175117,6475
Jungle,LMS,Fire Ball,Wind,Rek'Sai,3943,4782.1242574312255,7175
Jungle,LMS,Wayi Spider,Epic,Rek'Sai,5306,6742.766399832809,9700
Jungle,LMS,Machi 17,Taizan,Rek'Sai,10909,9872.580489821607,13675
Jungle,LMS,J Team,Alex,Rek'Sai,6170,6361.432417981433,10150
Jungle,LMS,Fire Ball,Wulala,Rek'Sai,2733,5250.950228136564,8150
Jungle,LMS,Hong Kong Attitude,Gemini,Rek'Sai,6259,7315.56453384888,10550
Jungle,LMS,Wayi Spider,Epic,Rek'Sai,5705,5014.663756099519,7670
Jungle,LMS,Wayi Spider,Epic,Rek'Sai,4141,4747.84430091083,7100
Jungle,LMS,Flash Wolves,Karsa,Rek'Sai,7508,5853.179120970308,8225
Jungle,LMS,J Team,Alex,Rek'Sai,7140,6229.73889965709,8875
Jungle,LMS,Machi 17,Taizan,Rek'Sai,8922,9778.333210356293,13575
Jungle,LMS,Machi 17,Taizan,Rek'Sai,4364,6300.70384762282,10050
Jungle,LMS,Machi 17,Taizan,Rek'Sai,3301,5683.373145449578,8975
Jungle,LMS,Fire Ball,Wulala,Rek'Sai,6785,5697.018549969939,9e3
Jungle,LMS,Fire Ball,Wulala,Rek'Sai,7263,5288.862664624171,8225
Jungle,LMS,Flash Wolves,Karsa,Rek'Sai,12383,8447.644080751214,12050
Jungle,LMS,Raise Gaming,Laba,Rek'Sai,6783,7138.795253857938,10295
Jungle,LMS,Machi 17,Taizan,Rek'Sai,7322,7475.168902654865,10775
Jungle,LMS,Raise Gaming,Laba,Rek'Sai,5267,4759.243562305005,7125
Jungle,LMS,Hong Kong Attitude,Gemini,Rek'Sai,7831,5934.0677368885745,9425
Jungle,LMS,Wayi Spider,Epic,Rek'Sai,6831,7619.9603523615015,10975
Jungle,LMS,Flash Wolves,Karsa,Rek'Sai,7695,7726.684785400685,11120
Jungle,LMS,Flash Wolves,Karsa,Rek'Sai,7821,7638.2553751896985,11e3
Jungle,LMS,Fire Ball,Wind,Rengar,2032,5009.134266687028,7400
Jungle,LMS,J Team,REFRA1N,Rengar,13638,8283.762156469924,11200
Jungle,LMS,Machi 17,Taizan,Rengar,7949,7524.771196556304,11250
Jungle,LMS,Machi 17,Taizan,Rengar,6223,7873.968494185825,10720
Jungle,LMS,eXtreme Gamers,Pony,Rengar,5436,6932.943381007619,10475
Jungle,LMS,Machi 17,Taizan,Rengar,5415,5647.099084549138,7575
Jungle,LMS,Machi 17,Taizan,Rengar,11705,6260.108569190072,8550
Jungle,LMS,Machi 17,Taizan,Rengar,4885,7592.010017536938,10375
Jungle,LMS,Fire Ball,Wind,Rengar,9270,5035.677117094634,7450
Jungle,LMS,J Team,Alex,Rengar,11949,8218.353474982156,11125
Jungle,LMS,J Team,Alex,Rengar,16924,11525.9784834062,14325
Jungle,LMS,J Team,Alex,Rengar,13823,8802.832834723975,11775
Jungle,LMS,J Team,Alex,Rengar,5094,5963.543201761094,9050
Jungle,LMS,Machi 17,Taizan,Rengar,2581,4763.8518274129365,6925
Jungle,LMS,J Team,Alex,Sejuani,15575,7735.6847049354865,10600
Jungle,LMS,Raise Gaming,Laba,Sejuani,6751,5235.56804951021,7425
Jungle,LMS,J Team,Alex,Sejuani,9560,7050.290529433702,10670
Jungle,LMS,Machi 17,Taizan,Sejuani,10259,14043.437008241839,15450
Jungle,LMS,Hong Kong Attitude,Gemini,Sejuani,2616,5046.236752527138,7950
Jungle,LMS,Raise Gaming,Laba,Sejuani,6394,6295.917976885103,8925
Jungle,LMS,Raise Gaming,Laba,Sejuani,4823,5268.130378747482,8300
Jungle,LMS,Flash Wolves,Karsa,Sejuani,10397,7296.847394397524,10125
Jungle,LMS,Raise Gaming,Laba,Sejuani,9874,7707.204014452249,10570
Jungle,LMS,AHQ e-Sports Club,Mountain,Sejuani,8325,8302.80435683812,12e3
Jungle,LMS,AHQ e-Sports Club,Mountain,Sejuani,5017,5957.353205080287,9300
Jungle,LMS,Raise Gaming,Laba,Sejuani,2726,4893.4867138988675,7700
Jungle,LMS,J Team,Alex,Zac,10013,7584.969829449318,11925
Jungle,LMS,Wayi Spider,Epic,Zac,8461,5321.7659655785155,8725
Jungle,LMS,Machi 17,Taizan,Zac,10427,7032.064709894964,12250
Jungle,LMS,Wayi Spider,Epic,Zac,6289,5176.531938274431,8375
Jungle,LMS,Wayi Spider,Epic,Zac,5737,6830.640150587488,10600
Jungle,LMS,Flash Wolves,Karsa,Zac,4614,5227.940528606812,8500
Jungle,LMS,Machi 17,Taizan,Zac,4676,5866.358508595775,8675
Jungle,LMS,Hong Kong Attitude,Gemini,Zac,7077,6320.218012926192,10900
Jungle,LMS,Flash Wolves,REFRA1N,Zac,3162,5230.99624903941,7225
Jungle,LMS,Flash Wolves,Karsa,Zac,4580,6163.4986282706595,9300
Jungle,LMS,Machi 17,Taizan,Zac,5181,6552.938556025939,10075
Jungle,LMS,Fire Ball,Wind,Zac,5865,10890.092433797143,16500
Jungle,LMS,AHQ e-Sports Club,Mountain,Zac,4434,5055.204399010387,8075
Jungle,LMS,Wayi Spider,Epic,Zac,11968,10263.160532199374,15750
Jungle,LMS,J Team,Alex,Zac,7341,5303.8696916180725,7400
Jungle,LMS,Machi 17,Taizan,Zac,14630,13859.578998515863,19550
Jungle,LMS,Machi 17,Taizan,Zac,7101,6212.418383778774,9400
Jungle,LMS,J Team,Alex,Zac,3930,8372.810543847636,13175
Jungle,LMS,J Team,Alex,Zac,10910,7050.095122882522,11e3
Jungle,LMS,J Team,Alex,Zac,6739,5058.159155532288,6800
Middle,LMS,J Team,Fofo,Ahri,10780,15564.920473383456,12100
Middle,LMS,J Team,Fofo,Ahri,22806,15706.229210468404,12200
Middle,LMS,Flash Wolves,Maple,Ahri,23603,15529.792386571935,12075
Middle,LMS,Hong Kong Esports,Gear,Ahri,9385,10112.393665185553,8450
Middle,LMS,Machi 17,Apex,Ahri,11037,14810.143564428383,11550
Middle,LMS,AHQ e-Sports Club,Westdoor,Ahri,19232,13900.001549683871,11970
Middle,LMS,AHQ e-Sports Club,Westdoor,Ahri,14615,13781.169518813025,11875
Middle,LMS,Machi 17,Apex,Ahri,12909,14000.865020825739,12050
Middle,LMS,Wayi Spider,Wako,Ahri,8190,12814.144689671182,11070
Middle,LMS,Machi 17,Apex,Ahri,11535,15187.283287292608,12950
Middle,LMS,Machi 17,Apex,Ahri,23272,22393.870539054973,16125
Middle,LMS,Machi 17,Apex,Cassiopeia,7956,11753.768243716135,9045
Middle,LMS,Machi 17,Apex,Cassiopeia,37649,21414.42810171458,17325
Middle,LMS,Flash Wolves,Maple,Cassiopeia,12659,16124.460534901542,13975
Middle,LMS,Fire Ball,KuKu,Cassiopeia,6251,12427.365944530171,10900
Middle,LMS,Flash Wolves,Maple,Cassiopeia,30590,21636.890448313334,16250
Middle,LMS,Wayi Spider,Wako,Cassiopeia,32654,73495.25439424481,31885
Middle,LMS,Machi 17,Apex,Cassiopeia,14949,11343.014421916934,8625
Middle,LMS,Machi 17,Apex,Cassiopeia,33364,22212.4985780889,16560
Middle,LMS,Fire Ball,KuKu,Cassiopeia,8492,10557.78527863278,8975
Middle,LMS,AHQ e-Sports Club,Westdoor,Cassiopeia,13856,10835.923952810403,8085
Middle,LMS,Machi 17,Apex,Cassiopeia,17443,18420.785529266734,14350
Middle,LMS,Flash Wolves,Maple,Cassiopeia,17623,13551.01041328193,10725
Middle,LMS,AHQ e-Sports Club,Westdoor,Cassiopeia,6890,11081.876450531954,8350
Middle,LMS,Flash Wolves,Maple,Cassiopeia,18570,14197.178396288085,11275
Middle,LMS,Machi 17,Apex,Cassiopeia,10587,14140.747237590756,12425
Middle,LMS,Raise Gaming,wuji,Cassiopeia,9492,10120.025069462094,8475
Middle,LMS,Raise Gaming,wuji,Cassiopeia,21843,16711.225569961447,13200
Middle,LMS,J Team,FoFo,Cassiopeia,17168,13533.805847328991,10710
Middle,LMS,Machi 17,Apex,Corki,34232,31196.837583070777,16308
Middle,LMS,Fire Ball,KuKu,Corki,6105,12887.964880495183,9053
Middle,LMS,Wayi Spider,Wako,Corki,59840,40766.04277799109,18788
Middle,LMS,Wayi Spider,Wako,Corki,13018,22389.62613827116,13233
Middle,LMS,J Team,FoFo,Corki,25275,20728.055627097616,13458
Middle,LMS,Hong Kong Attitude,M1ssion,Corki,16960,16508.043707457815,10408
Middle,LMS,AHQ e-Sports Club,Westdoor,Corki,7204,16822.648045125225,10583
Middle,LMS,Wayi Spider,Wako,Corki,11913,13868.910309275454,9733
Middle,LMS,Flash Wolves,Maple,Corki,27315,14779.997707423254,9383
Middle,LMS,J Team,FoFo,Corki,25984,19096.030574044165,11758
Middle,LMS,J Team,FoFo,Corki,21244,17947.516242960526,11183
Middle,LMS,J Team,FoFo,Corki,34556,25265.523639088482,15293
Middle,LMS,J Team,FoFo,Corki,83927,44465.40678261635,20533
Middle,LMS,AHQ e-Sports Club,Westdoor,Corki,23670,22877.935987463443,13433
Middle,LMS,Machi 17,Apex,Corki,28752,17162.125631251347,11708
Middle,LMS,Machi 17,Apex,Corki,19308,15700.72952575278,10883
Middle,LMS,Hong Kong Attitude,M1ssion,Corki,13650,14900.063395296645,9458
Middle,LMS,AHQ e-Sports Club,Westdoor,Corki,9623,15658.443236959449,10858
Middle,LMS,Wayi Spider,Wako,Corki,30219,25483.95526454636,14433
Middle,LMS,J Team,FoFo,Corki,39814,26998.587879529623,15908
Middle,LMS,Flash Wolves,Maple,Corki,24055,19724.141042067095,12058
Middle,LMS,Machi 17,Apex,Corki,12117,15448.713996020235,10733
Middle,LMS,Hong Kong Attitude,M1ssion,Corki,53179,28648.939222194087,16458
Middle,LMS,Machi 17,Apex,Corki,10929,17235.96515698816,10808
Middle,LMS,Raise Gaming,wuji,Corki,17404,18289.553528568198,11358
Middle,LMS,Raise Gaming,wuji,Corki,16611,18973.243078640167,12638
Middle,LMS,Wayi Spider,Wako,Corki,15962,15365.610969991028,10683
Middle,LMS,Machi 17,Apex,Corki,15275,22693.584079113487,13358
Middle,LMS,Hong Kong Attitude,M1ssion,Corki,17800,25374.78103766124,15333
Middle,LMS,Hong Kong Attitude,M1ssion,Corki,18926,21444.05163956634,12833
Middle,LMS,J Team,FoFo,Corki,28938,23001.66850376718,13483
Middle,LMS,Raise Gaming,wuji,Corki,12027,13794.30549655607,9683
Middle,LMS,Machi 17,Apex,Corki,14906,13463.519117257756,9458
Middle,LMS,Hong Kong Attitude,M1ssion,Corki,40399,41297.195067584864,18908
Middle,LMS,Hong Kong Attitude,M1ssion,Corki,27652,18963.012041072427,12633
Middle,LMS,Hong Kong Attitude,M1ssion,Corki,25164,22535.50582036914,14233
Middle,LMS,Hong Kong Attitude,M1ssion,Corki,14789,15828.274802006536,10958
Middle,LMS,Machi 17,Apex,Corki,38684,28341.546644929298,16358
Middle,LMS,Flash Wolves,Maple,Corki,24772,12722.203693972097,8933
Middle,LMS,J Team,FoFo,Corki,29435,28264.598966004432,15393
Middle,LMS,J Team,FoFo,Corki,34694,27961.939874643587,16233
Middle,LMS,J Team,FoFo,Corki,49144,39383.655782457055,19408
Middle,LMS,Flash Wolves,Maple,Corki,41973,30284.94739898572,16033
Middle,LMS,Flash Wolves,Maple,Corki,19424,17005.106582190827,10683
Middle,LMS,Flash Wolves,Maple,Corki,28980,20952.872237169333,13558
Middle,LMS,J Team,FoFo,Corki,15440,15021.104439843934,9533
Middle,LMS,Fire Ball,Wulala,Corki,11307,13943.918612992094,9783
Middle,LMS,Flash Wolves,Maple,Corki,19750,26039.751340604216,14633
Middle,LMS,Wayi Spider,Wako,Ekko,16891,15132.431777126203,14900
Middle,LMS,eXtreme Gamers,SiuSiu,Ekko,8315,11269.396600758819,11560
Middle,LMS,J Team,Fofo,Ekko,14e3,15605.49812954911,14100
Middle,LMS,Wayi Spider,Wako,Ekko,11727,15829.050540053762,15410
Middle,LMS,J Team,FoFo,Ekko,18946,17853.54368291161,15625
Middle,LMS,J Team,FoFo,Ekko,21959,14006.466003940357,12875
Middle,LMS,Fire Ball,KuKu,Ekko,12179,13151.36269858082,13310
Middle,LMS,AHQ e-Sports Club,Westdoor,Ekko,8032,13551.941429198701,13650
Middle,LMS,Fire Ball,KuKu,Ekko,25673,25021.91179896037,19450
Middle,LMS,Raise Gaming,wuji,Galio,20708,16632.7659536711,17975
Middle,LMS,AHQ e-Sports Club,Westdoor,Galio,10305,10407.498618498392,9475
Middle,LMS,AHQ e-Sports Club,Westdoor,Galio,15431,11567.353629170904,11050
Middle,LMS,AHQ e-Sports Club,Chawy,Galio,13188,11961.937279698199,11550
Middle,LMS,Fire Ball,Wind,Galio,12470,12278.0253927815,13450
Middle,LMS,Hong Kong Attitude,M1ssion,Galio,9483,9294.3325876445615,9300
Middle,LMS,Hong Kong Attitude,M1ssion,Galio,18206,11616.950496701256,12625
Middle,LMS,Flash Wolves,Maple,Galio,13553,13497.226951012173,13350
Middle,LMS,Fire Ball,KuKu,Galio,6889,10575.55372245271,11225
Middle,LMS,Flash Wolves,Maple,Galio,8796,12659.618251057274,12395
Middle,LMS,AHQ e-Sports Club,Westdoor,Galio,7661,13129.964250778547,14450
Middle,LMS,Flash Wolves,Maple,Galio,11818,13725.504121966733,13600
Middle,LMS,Flash Wolves,Maple,Galio,8395,12527.633288760582,13750
Middle,LMS,Flash Wolves,Maple,Galio,11698,11355.908465442297,10775
Middle,LMS,J Team,FoFo,Galio,12636,10124.308148398064,10575
Middle,LMS,Fire Ball,KuKu,Galio,9606,9624.283727973901,9820
Middle,LMS,AHQ e-Sports Club,Westdoor,Galio,10470,11306.497919614314,10710
Middle,LMS,Raise Gaming,wuji,Galio,12746,11941.89217410502,11525
Middle,LMS,Wayi Spider,Wako,Jayce,18106,16713.631232384647,12250
Middle,LMS,Flash Wolves,Maple,Jayce,43254,26510.10193790408,17200
Middle,LMS,Hong Kong Attitude,M1ssion,Jayce,17380,16617.151102701417,11100
Middle,LMS,Hong Kong Attitude,M1ssion,Jayce,40511,32886.68946713322,18425
Middle,LMS,J Team,FoFo,Karma,18443,18970.61371437736,14375
Middle,LMS,J Team,FoFo,Karma,20097,16927.660009543484,13300
Middle,LMS,Machi 17,Apex,Karma,4814,9696.82571633108,9e3
Middle,LMS,AHQ e-Sports Club,Chawy,Karma,17080,17290.332204090413,13500
Middle,LMS,J Team,FoFo,Karma,30176,19844.72120329311,14800
Middle,LMS,Fire Ball,KuKu,Karma,7232,9478.34907936962,8785
Middle,LMS,Hong Kong Attitude,M1ssion,Karma,8992,7720.771217082503,6850
Middle,LMS,AHQ e-Sports Club,Westdoor,Karma,15973,17848.961485617856,13800
Middle,LMS,Fire Ball,KuKu,Karma,19609,15110.32192695405,13185
Middle,LMS,AHQ e-Sports Club,Westdoor,Karma,13210,13228.283535029992,11930
Middle,LMS,AHQ e-Sports Club,Westdoor,Karma,12580,10994.552784213705,10185
Middle,LMS,Hong Kong Attitude,M1ssion,Kassadin,10751,13453.985629304727,10775
Middle,LMS,AHQ e-Sports Club,Westdoor,Kassadin,18090,16647.930790001334,11925
Middle,LMS,AHQ e-Sports Club,Westdoor,Kassadin,8557,11899.34905580377,9510
Middle,LMS,Flash Wolves,Maple,Kassadin,11854,11698.9220394855,9335
Middle,LMS,Wayi Spider,Wako,Kassadin,38834,34412.27894161688,20450
Middle,LMS,Hong Kong Attitude,M1ssion,Kassadin,19113,24665.69692265954,15975
Middle,LMS,Hong Kong Attitude,M1ssion,Kassadin,13286,10079.42791206215,7800
Middle,LMS,Hong Kong Attitude,M1ssion,Kassadin,30373,20423.170858142916,15075
Middle,LMS,AHQ e-Sports Club,Westdoor,Kassadin,16525,12032.92423142899,9625
Middle,LMS,AHQ e-Sports Club,Westdoor,Kassadin,19217,20913.543929557985,14275
Middle,LMS,AHQ e-Sports Club,Westdoor,Kassadin,15880,10746.302457333359,8460
Middle,LMS,Wayi Spider,Wako,Kassadin,16756,13831.379993734077,11060
Middle,LMS,Wayi Spider,Wako,Kassadin,24534,21323.520036297214,14475
Middle,LMS,Wayi Spider,Wako,Kassadin,29836,28810.017091824968,17575
Middle,LMS,Hong Kong Attitude,M1ssion,Kassadin,15561,18841.244273228967,13200
Middle,LMS,Hong Kong Attitude,M1ssion,Kassadin,17264,15218.28307566354,11e3
Middle,LMS,Hong Kong Attitude,M1ssion,Kassadin,26542,30463.752941885803,18150
Middle,LMS,Wayi Spider,Wako,LeBlanc,27337,21662.04296282448,13975
Middle,LMS,Hong Kong Attitude,M1ssion,LeBlanc,19279,16407.384626455398,11350
Middle,LMS,Wayi Spider,Wako,LeBlanc,26691,23246.181504075048,15025
Middle,LMS,Wayi Spider,Wako,LeBlanc,10982,13730.268041301164,8700
Middle,LMS,Flash Wolves,Maple,LeBlanc,17171,15093.4764754357,8600
Middle,LMS,Hong Kong Attitude,M1ssion,LeBlanc,20339,18831.46698010199,13400
Middle,LMS,Flash Wolves,Maple,LeBlanc,25055,18684.25266051278,11775
Middle,LMS,Fire Ball,Wind,LeBlanc,7789,13099.182953274452,8e3
Middle,LMS,Flash Wolves,Maple,LeBlanc,20446,18006.10635904244,11225
Middle,LMS,Flash Wolves,Maple,Lucian,21929,13647.677682368056,11325
Middle,LMS,Machi 17,Apex,Lucian,11043,12053.81393638149,9900
Middle,LMS,Hong Kong Esports,Gear,Malzahar,6262,14003.913111982902,10400
Middle,LMS,Machi 17,Apex,Malzahar,8543,11905.360062955711,8560
Middle,LMS,AHQ e-Sports Club,Westdoor,Malzahar,21331,15915.192239391145,11850
Middle,LMS,Raise Gaming,wuji,Malzahar,56108,61005.96016977643,25930
Middle,LMS,Raise Gaming,wuji,Malzahar,14668,9590.938378572713,6110
Middle,LMS,AHQ e-Sports Club,Westdoor,Malzahar,21821,17343.454167509994,11675
Middle,LMS,AHQ e-Sports Club,Westdoor,Malzahar,25537,24038.962597737296,15375
Middle,LMS,Machi 17,Apex,Malzahar,19030,14283.47572940964,9475
Middle,LMS,Raise Gaming,wuji,Malzahar,30345,22008.820535467486,14375
Middle,LMS,Machi 17,Apex,Orianna,7982,16714.35678427983,14035
Middle,LMS,Hong Kong Esports,Gear,Orianna,26852,20360.75665958186,15150
Middle,LMS,eXtreme Gamers,Chingz,Orianna,4736,10124.462108951177,8210
Middle,LMS,J Team,Fofo,Orianna,19724,18362.939214976865,13950
Middle,LMS,AHQ e-Sports Club,Chawy,Orianna,9992,14936.153315060677,11550
Middle,LMS,Hong Kong Attitude,M1ssion,Orianna,14911,14029.061912328678,12e3
Middle,LMS,Wayi Spider,Wako,Orianna,16579,11010.675899653743,9185
Middle,LMS,Hong Kong Attitude,M1ssion,Orianna,13879,13908.842482112985,11900
Middle,LMS,Fire Ball,Wind,Orianna,12618,13583.524496856682,11625
Middle,LMS,J Team,FoFo,Orianna,26005,28604.26645162362,19100
Middle,LMS,Raise Gaming,wuji,Orianna,19331,12820.223554352353,9775
Middle,LMS,Raise Gaming,wuji,Orianna,11446,13070.894075999433,1e4
Middle,LMS,Wayi Spider,Wako,Orianna,23564,26302.00130156537,18125
Middle,LMS,Raise Gaming,wuji,Orianna,24509,29352.408581115018,19400
Middle,LMS,Raise Gaming,wuji,Orianna,22012,15932.028914073282,12300
Middle,LMS,AHQ e-Sports Club,Chawy,Orianna,13364,17359.423482822327,14475
Middle,LMS,Raise Gaming,wuji,Orianna,13673,22967.8803214782,16550
Middle,LMS,Raise Gaming,wuji,Orianna,14816,21862.71695577933,17155
Middle,LMS,Raise Gaming,wuji,Orianna,14816,21862.71695577933,17155
Middle,LMS,J Team,FoFo,Orianna,16523,13972.432783307477,10775
Middle,LMS,Hong Kong Attitude,M1ssion,Orianna,27120,32294.724366301576,20510
Middle,LMS,Raise Gaming,wuji,Orianna,10083,16664.08580978224,14e3
Middle,LMS,Raise Gaming,wuji,Orianna,18537,16935.902770902285,13010
Middle,LMS,AHQ e-Sports Club,Chawy,Orianna,20036,20758.865278464247,15375
Middle,LMS,AHQ e-Sports Club,Chawy,Orianna,20641,14776.334333854678,11425
Middle,LMS,J Team,FoFo,Orianna,17836,12026.100277822929,10210
Middle,LMS,Hong Kong Attitude,M1ssion,Orianna,17222,16776.329381528387,12900
Middle,LMS,Wayi Spider,Wako,Orianna,9580,10638.083798538717,8785
Middle,LMS,Wayi Spider,Wako,Orianna,9843,13507.749631400184,11560
Middle,LMS,Raise Gaming,wuji,Orianna,13733,12077.961540413356,10260
Middle,LMS,J Team,FoFo,Orianna,14184,15158.890627063915,12900
Middle,LMS,Raise Gaming,wuji,Orianna,11199,15897.787043006061,12275
Middle,LMS,Fire Ball,KuKu,Orianna,9061,11362.041639465488,9550
Middle,LMS,Hong Kong Attitude,M1ssion,Orianna,13707,15761.553921223265,12175
Middle,LMS,Fire Ball,KuKu,Orianna,14206,16100.187026309486,13600
Middle,LMS,Hong Kong Attitude,M1ssion,Orianna,9942,11371.824295570168,9560
Middle,LMS,Machi 17,Apex,Orianna,17847,12227.525055629898,9225
Middle,LMS,Wayi Spider,Wako,Orianna,15449,17359.423482822327,14475
Middle,LMS,Machi 17,Apex,Orianna,13644,17247.734788546695,14400
Middle,LMS,Raise Gaming,wuji,Orianna,21511,20142.893645104297,15025
Middle,LMS,Wayi Spider,Wako,Orianna,20444,13616.299637102775,10475
Middle,LMS,Flash Wolves,Maple,Orianna,35935,20619.976184714287,16475
Middle,LMS,Hong Kong Attitude,M1ssion,Orianna,18573,15061.359928392976,12825
Middle,LMS,Fire Ball,M1ssion,Syndra,13037,10575.36557712887,9560
Middle,LMS,Fire Ball,M1ssion,Syndra,28786,22841.128393579485,16200
Middle,LMS,Wayi Spider,Wako,Syndra,6266,12497.429004117124,11e3
Middle,LMS,AHQ e-Sports Club,Chawy,Syndra,20318,19081.498552138462,13775
Middle,LMS,Flash Wolves,Maple,Syndra,10883,16174.939373358644,12350
Middle,LMS,J Team,Fofo,Syndra,36088,25946.522310590033,16425
Middle,LMS,eXtreme Gamers,SiuSiu,Syndra,11845,11239.238855787406,10085
Middle,LMS,Fire Ball,M1ssion,Syndra,38343,47015.20514225145,22425
Middle,LMS,AHQ e-Sports Club,Chawy,Syndra,45581,32624.93121472715,18400
Middle,LMS,AHQ e-Sports Club,Chawy,Syndra,15720,14957.066767713683,11675
Middle,LMS,Wayi Spider,Wako,Syndra,34514,20340.085354577688,15200
Middle,LMS,Wayi Spider,Wako,Syndra,19961,12389.201586604977,10925
Middle,LMS,Machi 17,Apex,Syndra,64291,39803.86175950995,20115
Middle,LMS,Raise Gaming,wuji,Syndra,20236,18163.83070890601,13350
Middle,LMS,Hong Kong Attitude,M1ssion,Syndra,18063,19701.643462790344,14925
Middle,LMS,Hong Kong Attitude,M1ssion,Syndra,18668,19472.7064045143,13950
Middle,LMS,Fire Ball,Wind,Syndra,14457,29823.35912681634,18500
Middle,LMS,Machi 17,Apex,Syndra,12647,15281.427219590067,11860
Middle,LMS,Hong Kong Attitude,M1ssion,Syndra,16240,21803.789487016315,14925
Middle,LMS,Fire Ball,KuKu,Syndra,24300,22252.84170756949,15975
Middle,LMS,Fire Ball,KuKu,Syndra,13509,10624.536202301131,9600
Middle,LMS,Machi 17,Apex,Syndra,6698,12643.204328166588,11100
Middle,LMS,Wayi Spider,Wako,Syndra,29282,33783.03794794814,19575
Middle,LMS,Hong Kong Attitude,M1ssion,Syndra,20278,26818.415789663384,16710
Middle,LMS,Flash Wolves,Maple,Syndra,12726,17441.336901782135,13e3
Middle,LMS,Fire Ball,KuKu,Syndra,4248,10084.301643239056,9150
Middle,LMS,Machi 17,Apex,Syndra,30666,27102.26650002322,17675
Middle,LMS,Fire Ball,KuKu,Syndra,23608,20399.141507986213,15225
Middle,LMS,Wayi Spider,Wako,Syndra,20810,19416.332309739126,13925
Middle,LMS,Hong Kong Attitude,M1ssion,Syndra,14797,15486.592380744285,11975
Middle,LMS,Machi 17,Apex,Taliyah,20331,19094.60985954997,12400
Middle,LMS,Machi 17,Apex,Taliyah,10333,15810.876418906779,10170
Middle,LMS,Wayi Spider,Wako,Taliyah,13933,17674.832800296415,12685
Middle,LMS,Fire Ball,MarS,Taliyah,7818,12440.517596309568,8535
Middle,LMS,Flash Wolves,Maple,Taliyah,15605,19256.878686811222,12500
Middle,LMS,Flash Wolves,Maple,Taliyah,15290,15519.24941182036,9950
Middle,LMS,Raise Gaming,wuji,Taliyah,31207,26336.90793192124,16200
Middle,LMS,J Team,FoFo,Taliyah,17877,18933.70839678894,12300
Middle,LMS,Flash Wolves,Maple,Taliyah,27549,35122.87824834065,20800
Middle,LMS,Raise Gaming,wuji,Taliyah,20031,34454.77153504127,19375
Middle,LMS,Raise Gaming,wuji,Taliyah,25572,18303.547199233395,11900
Middle,LMS,AHQ e-Sports Club,Chawy,Taliyah,9400,16961.307080009086,11e3
Middle,LMS,Machi 17,Apex,Taliyah,21243,15653.719775985206,11250
Middle,LMS,Wayi Spider,Wako,Taliyah,11207,19297.660903892895,12525
Middle,LMS,J Team,FoFo,Taliyah,27253,25949.760355031358,16025
Middle,LMS,AHQ e-Sports Club,Chawy,Taliyah,23786,17341.486715382398,12460
Middle,LMS,Flash Wolves,Maple,Taliyah,12297,14411.64456633547,9075
Middle,LMS,J Team,FoFo,Taliyah,20940,30610.444726097758,19175
Middle,LMS,Flash Wolves,Maple,Taliyah,22773,23001.86779192352,14600
Middle,LMS,Machi 17,Apex,Taliyah,5366,17619.650527171016,11450
Middle,LMS,AHQ e-Sports Club,Westdoor,Taliyah,14203,25192.454533658944,15675
Middle,LMS,Machi 17,Apex,Taliyah,47734,36899.26592186923,20185
Middle,LMS,J Team,FoFo,Taliyah,21083,18272.59558811256,11880
Middle,LMS,Raise Gaming,wuji,Taliyah,17363,14844.870408265799,9425
Middle,LMS,Flash Wolves,Maple,Taliyah,31415,18973.806203840493,12325
Middle,LMS,J Team,FoFo,Taliyah,12070,13396.631765416932,9410
Middle,LMS,Raise Gaming,wuji,Taliyah,15267,18973.806203840493,12325
Middle,LMS,Fire Ball,Wind,Taliyah,9418,14784.634590774602,10575
Middle,LMS,Wayi Spider,Wako,Taliyah,20668,13904.842781173913,9850
Middle,LMS,J Team,FoFo,Taliyah,11731,26504.591459626765,16275
Middle,LMS,Wayi Spider,Wako,Taliyah,21872,17000.035583158893,12225
Middle,LMS,Raise Gaming,wuji,Taliyah,13529,12414.226747291763,8510
Middle,LMS,Wayi Spider,Wako,Taliyah,27267,22568.05420733231,14375
Middle,LMS,Flash Wolves,Maple,Taliyah,22152,22663.744675777823,14425
Middle,LMS,AHQ e-Sports Club,Westdoor,Taliyah,12404,16964.108993661786,12200
Middle,LMS,Flash Wolves,Maple,Taliyah,15122,17397.411362622148,11300
Middle,LMS,Raise Gaming,wuji,Taliyah,10115,12482.698815600083,8575
Middle,LMS,eXtreme Gamers,SiuSiu,Talon,13089,15972.684502572181,14645
Middle,LMS,Flash Wolves,Maple,Talon,15381,19300.262451403138,16375
Middle,LMS,Hong Kong Esports,KuKu,Talon,7603,11661.245679633485,8450
Middle,LMS,AHQ e-Sports Club,Chawy,Viktor,16936,18999.807846994416,12185
Middle,LMS,Hong Kong Esports,Gear,Viktor,37429,35950.21917704697,20195
Middle,LMS,Fire Ball,M1ssion,Viktor,11182,13164.650014087974,8850
Middle,LMS,Wayi Spider,Wako,Viktor,30810,28549.896487541653,17300
Middle,LMS,Machi 17,Apex,Viktor,24351,20519.629977606968,14425
Middle,LMS,Fire Ball,Wind,Viktor,11471,13493.599708966836,9160
Middle,LMS,J Team,FoFo,Viktor,36861,39100.20502192309,21250
Middle,LMS,J Team,FoFo,Viktor,36861,39100.20502192309,21250
Middle,LMS,J Team,FoFo,Viktor,27522,20887.88351385359,13375
Middle,LMS,Flash Wolves,Maple,Viktor,11721,16063.821609189854,11350
Middle,LMS,Raise Gaming,wuji,Viktor,25371,25538.67652084763,15900
Middle,LMS,Raise Gaming,wuji,Viktor,11759,15980.907736330164,11285
Middle,LMS,Fire Ball,KuKu,Viktor,12114,15968.189796142238,11275
Middle,LMS,Raise Gaming,wuji,Viktor,19294,17742.466827188615,11325
Middle,LMS,Fire Ball,Wulala,Viktor,9218,10639.445495501375,6175
Middle,LMS,Raise Gaming,wuji,Viktor,13343,17222.758694297147,12225
Middle,LMS,Wayi Spider,Wako,Vladimir,5383,9863.726869780241,9325
Middle,LMS,eXtreme Gamers,SiuSiu,Vladimir,20051,25816.47084234279,16325
Middle,LMS,eXtreme Gamers,SiuSiu,Vladimir,16030,12247.814522221162,10900
Middle,LMS,Hong Kong Esports,Gear,Vladimir,9816,7712.396192565556,7535
Middle,LMS,Fire Ball,MarS,Vladimir,32977,27558.233543035803,16800
Middle,LMS,J Team,Fofo,Vladimir,14170,19112.713624911576,13400
Middle,LMS,Fire Ball,KuKu,Vladimir,19575,22004.341965028118,14425
Middle,LMS,Fire Ball,KuKu,Vladimir,7591,8909.794899399176,8585
ADC,LMS,J Team,Bebe,Ashe,13837,14466.842579595763,12525
ADC,LMS,Fire Ball,Unified,Ashe,21435,13163.360960742377,12600
ADC,LMS,Wayi Spider,Breeze,Ashe,8755,11640.4089095996,11275
ADC,LMS,AHQ e-Sports Club,An,Ashe,18894,16782.437106018486,14125
ADC,LMS,Wayi Spider,Breeze,Ashe,8401,21017.664587601503,16550
ADC,LMS,Machi 17,Dee,Ashe,9609,11339.245757188906,9900
ADC,LMS,Hong Kong Esports,GodKwai,Ashe,17298,13494.231587048811,11775
ADC,LMS,eXtreme Gamers,LBB,Ashe,15003,15921.479463259433,14650
ADC,LMS,eXtreme Gamers,LBB,Ashe,4264,11190.265704569349,10850
ADC,LMS,eXtreme Gamers,LBB,Ashe,10965,11138.465368355595,10800
ADC,LMS,Wayi Spider,Breeze,Ashe,15934,14376.479390782495,13550
ADC,LMS,Wayi Spider,Breeze,Ashe,14777,13852.629791932837,13150
ADC,LMS,eXtreme Gamers,LBB,Ashe,11122,9446.946310043893,9025
ADC,LMS,eXtreme Gamers,LBB,Ashe,4754,9166.292014644045,8700
ADC,LMS,Fire Ball,Unified,Ashe,33405,20312.950434398477,17275
ADC,LMS,Fire Ball,Unified,Ashe,27336,39165.27099801003,24350
ADC,LMS,J Team,Bebe,Ashe,26790,24683.382831488176,19375
ADC,LMS,AHQ e-Sports Club,An,Ashe,10530,12772.297682272887,12275
ADC,LMS,AHQ e-Sports Club,An,Ashe,11392,13472.307577327052,12850
ADC,LMS,Fire Ball,Unified,Ashe,6760,8219.402612633412,7525
ADC,LMS,Fire Ball,Unified,Ashe,6969,8276.806721543599,7600
ADC,LMS,Flash Wolves,Betty,Ashe,8463,13875.17271477562,12075
ADC,LMS,Flash Wolves,Betty,Ashe,5505,12241.434808545435,10725
ADC,LMS,J Team,BeBe,Ashe,18041,20064.764156343426,16050
ADC,LMS,J Team,BeBe,Ashe,12061,11418.438775110273,9975
ADC,LMS,Machi 17,Dee,Ashe,36201,26505.527112222007,19050
ADC,LMS,Machi 17,Dee,Ashe,15707,14954.792245979106,13975
ADC,LMS,Hong Kong Attitude,GodKwai,Ashe,17932,10933.650814487066,10600
ADC,LMS,Wayi Spider,Breeze,Ashe,20437,9849.786228589512,9475
ADC,LMS,Wayi Spider,Breeze,Ashe,9944,10682.920610573181,10350
ADC,LMS,Hong Kong Attitude,GodKwai,Ashe,13437,10413.753231701094,10075
ADC,LMS,AHQ e-Sports Club,LBB,Ashe,12460,10341.528248710909,1e4
ADC,LMS,AHQ e-Sports Club,An,Ashe,15505,14944.418953044582,12875
ADC,LMS,Wayi Spider,Breeze,Ashe,28534,19378.54925245613,15675
ADC,LMS,Wayi Spider,Breeze,Ashe,33375,18414.325838271936,15125
ADC,LMS,J Team,BeBe,Ashe,21521,27367.82094556454,19395
ADC,LMS,J Team,BeBe,Ashe,18688,18117.705018571723,14950
ADC,LMS,Flash Wolves,Madnesss,Ashe,27301,20360.12915730904,17300
ADC,LMS,Wayi Spider,Breeze,Ashe,17690,16899.645240577043,14200
ADC,LMS,Machi 17,Dee,Ashe,10066,8451.435721024864,7825
ADC,LMS,Machi 17,Dee,Ashe,7258,10341.528248710909,1e4
ADC,LMS,Fire Ball,Unified,Ashe,17108,20886.383474732924,17575
ADC,LMS,Wayi Spider,Breeze,Ashe,8972,15581.683981994249,13325
ADC,LMS,Wayi Spider,Breeze,Ashe,26612,22600.54559333839,18425
ADC,LMS,J Team,BeBe,Ashe,21721,18499.963153469893,15175
ADC,LMS,Flash Wolves,Betty,Ashe,6757,11104.946969762295,9675
ADC,LMS,Hong Kong Attitude,GodKwai,Ashe,14651,8392.820466023877,7750
ADC,LMS,J Team,BeBe,Ashe,14452,15319.993848858423,14235
ADC,LMS,J Team,BeBe,Ashe,14110,12072.221765600005,10575
ADC,LMS,Wayi Spider,Breeze,Ashe,9947,17429.169620188473,15625
ADC,LMS,AHQ e-Sports Club,An,Ashe,12736,14645.78671205912,13750
ADC,LMS,Fire Ball,Unified,Ashe,6414,9468.887724401771,9050
ADC,LMS,AHQ e-Sports Club,An,Ashe,15718,17759.81810554542,14735
ADC,LMS,AHQ e-Sports Club,An,Ashe,17721,10832.660197797326,10500
ADC,LMS,J Team,BeBe,Ashe,19046,14443.338373719953,13600
ADC,LMS,AHQ e-Sports Club,An,Ashe,22244,16473.840970462763,13925
ADC,LMS,J Team,BeBe,Ashe,11181,12450.486258727451,12e3
ADC,LMS,AHQ e-Sports Club,An,Ashe,10313,8569.897192606471,7975
ADC,LMS,Hong Kong Attitude,Unified,Ashe,17131,17376.720935817633,14500
ADC,LMS,Hong Kong Attitude,Unified,Ashe,12287,10959.045238790095,10625
ADC,LMS,Wayi Spider,Breeze,Ashe,26448,12912.349761266563,11300
ADC,LMS,Hong Kong Attitude,Unified,Ashe,28273,28948.2424288999,2e4
ADC,LMS,Raise Gaming,LilV,Ashe,22343,17784.555922373664,14750
ADC,LMS,Hong Kong Esports,GodKwai,Caitlyn,7386,8971.139399406442,7750
ADC,LMS,Machi 17,Dee,Caitlyn,13636,15812.993277793597,13100
ADC,LMS,Raise Gaming,LilV,Caitlyn,26179,29566.854345288284,18050
ADC,LMS,Fire Ball,Unified,Caitlyn,22871,15981.418668429384,13200
ADC,LMS,Machi 17,Dee,Caitlyn,19552,42695.35056214453,22475
ADC,LMS,Hong Kong Attitude,GodKwai,Caitlyn,10148,10000.238139354056,8775
ADC,LMS,Wayi Spider,Breeze,Caitlyn,29521,37825.442144543376,20375
ADC,LMS,Flash Wolves,Madnesss,Caitlyn,26555,25607.703132217324,17650
ADC,LMS,Machi 17,Dee,Caitlyn,7525,15522.50869154779,12925
ADC,LMS,Fire Ball,Unified,Caitlyn,27409,19872.775337557574,14300
ADC,LMS,Hong Kong Attitude,GodKwai,Caitlyn,16013,19715.490706748424,14225
ADC,LMS,Hong Kong Attitude,GodKwai,Caitlyn,28043,36255.929414263446,19975
ADC,LMS,Fire Ball,Unified,Caitlyn,9764,13851.55571802255,11850
ADC,LMS,Raise Gaming,LilV,Caitlyn,25299,35308.22911560946,19725
ADC,LMS,Raise Gaming,LilV,Caitlyn,25131,26575.104176567198,18e3
ADC,LMS,Raise Gaming,LilV,Caitlyn,25131,26575.104176567198,18e3
ADC,LMS,Machi 17,Dee,Caitlyn,8290,10600.276085293593,9325
ADC,LMS,Flash Wolves,Betty,Caitlyn,15839,13181.3645289994,10425
ADC,LMS,Hong Kong Attitude,GodKwai,Caitlyn,24095,35214.83237059551,19700
ADC,LMS,Hong Kong Attitude,GodKwai,Caitlyn,21629,37032.37179085179,20175
ADC,LMS,Flash Wolves,Betty,Caitlyn,26038,20191.11892682518,14450
ADC,LMS,AHQ e-Sports Club,An,Caitlyn,29952,21459.39787373577,15025
ADC,LMS,Fire Ball,Unified,Caitlyn,36206,37825.442144543376,20375
ADC,LMS,Fire Ball,Unified,Caitlyn,39109,18684.593674978893,14675
ADC,LMS,AHQ e-Sports Club,An,Caitlyn,23510,23984.495055246047,16075
ADC,LMS,AHQ e-Sports Club,An,Caitlyn,12248,12304.169163913311,9775
ADC,LMS,AHQ e-Sports Club,An,Caitlyn,20095,15127.826148311491,11725
ADC,LMS,AHQ e-Sports Club,An,Caitlyn,13379,12360.475978599832,10775
ADC,LMS,Machi 17,Dee,Caitlyn,10761,10770.082761960522,9475
ADC,LMS,AHQ e-Sports Club,An,Caitlyn,10606,15440.497534786018,12875
ADC,LMS,Flash Wolves,Betty,Caitlyn,14103,15699.321168347333,12075
ADC,LMS,Fire Ball,Enzz,Caitlyn,7359,12005.54217308039,10500
ADC,LMS,Hong Kong Attitude,Unified,Caitlyn,17769,15824.565929973971,12150
ADC,LMS,Wayi Spider,Breeze,Caitlyn,23714,24675.51793403649,17300
ADC,LMS,Flash Wolves,Betty,Caitlyn,46551,32073.550064792453,19775
ADC,LMS,Raise Gaming,LilV,Caitlyn,25953,21177.075194658453,14900
ADC,LMS,Fire Ball,Enzz,Caitlyn,14872,11355.996599761458,9975
ADC,LMS,Fire Ball,Enzz,Caitlyn,16041,13999.089688456694,11950
ADC,LMS,J Team,BeBe,Caitlyn,14086,9416.096848091587,7250
ADC,LMS,Wayi Spider,Breeze,Ezreal,12944,14380.390935351443,9975
ADC,LMS,eXtreme Gamers,LBB,Ezreal,15545,20569.42821450111,15058
ADC,LMS,AHQ e-Sports Club,An,Ezreal,12024,17511.82602452706,11333
ADC,LMS,Machi 17,Dee,Jhin,5198,14612.02001143928,12550
ADC,LMS,Hong Kong Esports,GodKwai,Jhin,26373,20188.225172845334,14875
ADC,LMS,Flash Wolves,Betty,Jhin,10814,17329.539118445042,13275
ADC,LMS,J Team,Bebe,Jhin,17892,17663.46506275512,13475
ADC,LMS,Flash Wolves,Betty,Jhin,38905,56047.18490112438,25575
ADC,LMS,J Team,BeBe,Jhin,14398,17042.536515427673,13100
ADC,LMS,Wayi Spider,Breeze,Jhin,37020,35155.9825651634,21750
ADC,LMS,Machi 17,Dee,Jhin,6152,13618.828940037798,10750
ADC,LMS,Hong Kong Attitude,GodKwai,Jhin,34911,17939.72724066928,14700
ADC,LMS,Raise Gaming,Ran,Jhin,7914,12044.401874751265,10525
ADC,LMS,Machi 17,Dee,Jhin,13564,18615.313462230097,14025
ADC,LMS,J Team,BeBe,Jhin,26272,16209.734237355211,12575
ADC,LMS,Raise Gaming,LilV,Jhin,19253,12738.803740432228,10050
ADC,LMS,Hong Kong Attitude,Unified,Jhin,13867,13329.527735596695,10525
ADC,LMS,Fire Ball,Enzz,Jhin,13520,11621.00176990509,10150
ADC,LMS,J Team,BeBe,Jhin,16503,16036.832809369014,13525
ADC,LMS,J Team,BeBe,Jhin,9617,10167.667390248529,8750
ADC,LMS,Machi 17,Dee,Jhin,8238,10741.177471873547,9325
ADC,LMS,Hong Kong Attitude,Unified,Jhin,38324,24580.037196384306,18e3
ADC,LMS,Machi 17,Dee,Jhin,5020,13980.959895808006,11025
ADC,LMS,Machi 17,Dee,Jhin,11712,13716.651323340357,10825
ADC,LMS,Machi 17,Dee,Jhin,47286,36654.388714636225,21125
ADC,LMS,AHQ e-Sports Club,An,Kalista,9118,10747.273082046282,10500
ADC,LMS,Fire Ball,Unified,Kalista,6614,8731.286920331864,9425
ADC,LMS,Wayi Spider,Breeze,Kalista,8526,9106.251069655895,9850
ADC,LMS,J Team,BeBe,Kalista,12997,15345.560206841226,14100
ADC,LMS,Flash Wolves,Betty,Kalista,15968,17280.01977806912,15300
ADC,LMS,Flash Wolves,Betty,Kalista,15294,9807.379272107162,9575
ADC,LMS,Flash Wolves,Betty,Kalista,24265,23774.737666145167,18525
ADC,LMS,J Team,BeBe,Kalista,20468,19603.260718528272,16575
ADC,LMS,J Team,BeBe,Kalista,20468,19603.260718528272,16575
ADC,LMS,Fire Ball,Unified,Kalista,6989,8413.279073385529,9050
ADC,LMS,Flash Wolves,Betty,Kalista,16651,12192.561200224498,12800
ADC,LMS,AHQ e-Sports Club,An,Kalista,11414,12283.370093566577,12875
ADC,LMS,AHQ e-Sports Club,An,Kalista,13062,17713.271980292728,16575
ADC,LMS,Wayi Spider,Breeze,Kalista,27400,26705.642052474203,19700
ADC,LMS,Raise Gaming,LilV,Kalista,33521,47994.10192308986,25625
ADC,LMS,Flash Wolves,Betty,Kalista,18240,13968.933064261755,13150
ADC,LMS,Hong Kong Attitude,Unified,Kalista,7044,9710.82617049318,9475
ADC,LMS,Hong Kong Attitude,Unified,Kalista,13246,13131.31727582579,12525
ADC,LMS,Wayi Spider,Breeze,Kalista,7897,7792.291084666361,8275
ADC,LMS,Wayi Spider,Breeze,Kalista,5838,7908.795634889072,8425
ADC,LMS,Wayi Spider,Breeze,Kalista,5691,15690.996532019031,14325
ADC,LMS,Wayi Spider,Breeze,Kalista,7086,7928.381711742413,8450
ADC,LMS,Wayi Spider,Breeze,Kalista,4748,10078.171031074859,10875
ADC,LMS,J Team,BeBe,Kalista,15592,14073.379812610674,14250
ADC,LMS,Machi 17,Dee,Kalista,45588,52204.818472073,26475
ADC,LMS,AHQ e-Sports Club,An,Kalista,8224,12842.232132301038,12300
ADC,LMS,Raise Gaming,LilV,Kalista,15437,13934.424559688798,13125
ADC,LMS,Flash Wolves,Betty,Kalista,20788,11777.24196193547,11425
ADC,LMS,Flash Wolves,Betty,Kalista,14268,10934.97181111086,10675
ADC,LMS,Fire Ball,Enzz,Kalista,16919,15232.554257907123,15050
ADC,LMS,Wayi Spider,Breeze,Kalista,15261,14713.682732253144,13675
ADC,LMS,Hong Kong Attitude,Unified,Kalista,12819,11432.816308751137,11125
ADC,LMS,Raise Gaming,LilV,Kalista,10020,9711.107446978689,10500
ADC,LMS,Fire Ball,Enzz,Kalista,5775,8086.826626516255,8650
ADC,LMS,Machi 17,Dee,Kalista,11815,14003.527028903964,13175
ADC,LMS,Hong Kong Attitude,Unified,Kalista,18274,19124.888797626827,17350
ADC,LMS,Hong Kong Attitude,Unified,Kalista,12277,13627.659058623016,12900
ADC,LMS,AHQ e-Sports Club,An,Kalista,19052,8971.84691928134,8675
ADC,LMS,AHQ e-Sports Club,An,Kalista,6017,9639.035662573708,9400
ADC,LMS,Hong Kong Attitude,Unified,Kalista,15469,8774.586410959288,9475
ADC,LMS,Flash Wolves,Betty,Kalista,7937,10935.288545278103,11700
ADC,LMS,Raise Gaming,LilV,Kalista,10896,15498.13851562372,14200
ADC,LMS,Hong Kong Attitude,Unified,Kalista,4904,10641.466778326036,10400
ADC,LMS,Hong Kong Attitude,Unified,Kalista,19293,10053.274168192582,10850
ADC,LMS,Wayi Spider,Breeze,Kalista,29922,19458.337102437064,16500
ADC,LMS,Machi 17,Dee,Kalista,13762,10747.273082046282,10500
ADC,LMS,Hong Kong Attitude,Unified,Kalista,14826,12192.561200224498,12800
ADC,LMS,J Team,BeBe,Kalista,15898,20649.00103879883,18125
ADC,LMS,AHQ e-Sports Club,An,Kalista,16356,14497.355227203783,14550
ADC,LMS,Flash Wolves,Betty,Kalista,8363,15544.20715158716,14230
ADC,LMS,Fire Ball,Enzz,Kalista,12917,9568.053022827999,10350
ADC,LMS,AHQ e-Sports Club,An,Kog'Maw,23175,15771.462479804823,10850
ADC,LMS,Raise Gaming,LilV,Kog'Maw,15220,31281.50417224791,17225
ADC,LMS,Machi 17,Dee,Kog'Maw,18719,10923.836358272481,8375
ADC,LMS,Machi 17,Dee,Kog'Maw,31051,21652.07916207193,13800
ADC,LMS,Raise Gaming,LilV,Kog'Maw,28439,24897.117810042753,15100
ADC,LMS,Fire Ball,Unified,Kog'Maw,15302,19459.756853768722,13750
ADC,LMS,Raise Gaming,LilV,Kog'Maw,31585,40836.275472320864,20650
ADC,LMS,Flash Wolves,Betty,Kog'Maw,40609,28170.887344488936,16250
ADC,LMS,AHQ e-Sports Club,An,Kog'Maw,17259,16731.364378507264,11400
ADC,LMS,Raise Gaming,Ran,Kog'Maw,7774,9298.117502969119,6875
ADC,LMS,J Team,BeBe,Kog'Maw,17506,16742.588287125753,12350
ADC,LMS,Hong Kong Attitude,Unified,Kog'Maw,28109,26841.481342134146,15800
ADC,LMS,Hong Kong Attitude,Unified,Kog'Maw,19188,16552.592128325883,11300
ADC,LMS,Hong Kong Attitude,Unified,Kog'Maw,16322,17477.68760526309,12750
ADC,LMS,Raise Gaming,LilV,Kog'Maw,5325,9784.877946135472,7350
ADC,LMS,AHQ e-Sports Club,An,Kog'Maw,21299,14289.228402969,10875
ADC,LMS,Raise Gaming,LilV,Kog'Maw,9472,17430.812713649273,12725
ADC,LMS,Fire Ball,Unified,Lucian,6804,8733.429316282823,8950
ADC,LMS,J Team,Bebe,Lucian,29066,16447.66386858263,13625
ADC,LMS,Wayi Spider,Breeze,Lucian,10846,10269.824230360742,10375
ADC,LMS,Hong Kong Esports,GodKwai,Lucian,4354,7301.2694634178115,7375
ADC,LMS,AHQ e-Sports Club,An,Lucian,11278,10928.32501303706,10030
ADC,LMS,Fire Ball,Enzz,Lucian,9034,9813.133930053165,9975
ADC,LMS,Raise Gaming,LilV,Sivir,27990,35720.227879292645,20275
ADC,LMS,Raise Gaming,LilV,Sivir,8781,13483.039087685294,10525
ADC,LMS,Raise Gaming,LilV,Sivir,6973,11894.696535534613,9125
ADC,LMS,Raise Gaming,LilV,Sivir,11030,14451.773192107188,11300
ADC,LMS,Machi 17,Dee,Tristana,12482,10974.122051767486,9325
ADC,LMS,Machi 17,Dee,Tristana,21405,32714.749854458852,18410
ADC,LMS,Flash Wolves,Betty,Tristana,17032,12488.232489529142,10400
ADC,LMS,J Team,BeBe,Tristana,14970,9967.763799574976,8525
ADC,LMS,J Team,BeBe,Tristana,11683,11073.525638146679,9400
ADC,LMS,J Team,BeBe,Tristana,75027,44035.91270812528,21725
ADC,LMS,Machi 17,Dee,Tristana,15910,11524.154865688744,10575
ADC,LMS,Fire Ball,Enzz,Tristana,6190,8205.433724718048,7750
ADC,LMS,Wayi Spider,Breeze,Tristana,32075,23195.756070752603,15550
ADC,LMS,Wayi Spider,Breeze,Tristana,20727,20816.848389559116,14650
ADC,LMS,Raise Gaming,LilV,Tristana,18784,17329.53913247472,13125
ADC,LMS,Wayi Spider,Breeze,Tristana,32765,30037.992982017164,17700
ADC,LMS,Wayi Spider,Breeze,Tristana,13339,13968.609656961571,12175
ADC,LMS,Wayi Spider,Breeze,Tristana,11769,13433.317732211312,11850
ADC,LMS,J Team,BeBe,Tristana,15429,29148.56281778937,17450
ADC,LMS,Wayi Spider,Breeze,Tristana,8502,14789.56276629925,12650
ADC,LMS,AHQ e-Sports Club,An,Tristana,21825,13024.95543914491,10750
ADC,LMS,Machi 17,Dee,Tristana,19217,17926.662014466092,14250
ADC,LMS,Machi 17,Dee,Tristana,8613,11016.114428255838,10200
ADC,LMS,Flash Wolves,Betty,Tristana,12376,8845.776341606823,8375
ADC,LMS,Machi 17,Dee,Tristana,10928,12649.569839281678,11350
ADC,LMS,J Team,BeBe,Tristana,14635,25614.504395577078,16375
ADC,LMS,J Team,BeBe,Tristana,22902,20771.2617556378,15475
ADC,LMS,Fire Ball,Enzz,Tristana,3631,7188.9419427132825,6650
ADC,LMS,J Team,BeBe,Tristana,8720,10271.917038575482,8775
ADC,LMS,J Team,BeBe,Twitch,21574,17392.492481937137,12375
ADC,LMS,Hong Kong Attitude,DANDAN,Twitch,10642,11729.63834452085,1e4
ADC,LMS,Hong Kong Attitude,GodKwai,Twitch,30476,22601.584586888268,15325
ADC,LMS,Fire Ball,Unified,Twitch,7516,9056.235929205754,7900
ADC,LMS,Flash Wolves,Betty,Twitch,12819,22256.25909710322,15200
ADC,LMS,Hong Kong Attitude,Unified,Twitch,20442,42611.7058896341,19650
ADC,LMS,AHQ e-Sports Club,An,Varus,13055,12787.802895558641,11600
ADC,LMS,Wayi Spider,Breeze,Varus,19125,16063.1958575578,14575
ADC,LMS,Machi 17,Dee,Varus,9638,10860.861523310012,10125
ADC,LMS,Flash Wolves,Betty,Varus,13559,12823.251649325648,11625
ADC,LMS,Machi 17,Dee,Varus,9555,10023.04230864039,9400
ADC,LMS,Machi 17,Dee,Varus,9399,8442.308378876145,7850
ADC,LMS,J Team,Bebe,Varus,14136,14484.261272697433,12725
ADC,LMS,Machi 17,Dee,Varus,6313,12682.043521224607,11525
ADC,LMS,Machi 17,Dee,Varus,5496,10506.002473326716,9825
ADC,LMS,Flash Wolves,Betty,Varus,23621,18945.79368251097,15150
ADC,LMS,AHQ e-Sports Club,An,Varus,32073,28777.280950187564,18925
ADC,LMS,J Team,Bebe,Varus,20710,17484.293602585807,14425
ADC,LMS,J Team,Bebe,Varus,19637,19209.849437400586,15275
ADC,LMS,Hong Kong Esports,GodKwai,Varus,4456,8129.858954716177,8425
ADC,LMS,Hong Kong Esports,GodKwai,Varus,4600,6962.385215240789,7025
ADC,LMS,Wayi Spider,Breeze,Varus,18740,17261.954723135008,15225
ADC,LMS,Wayi Spider,Breeze,Varus,8352,9362.607483159118,9700
ADC,LMS,Raise Gaming,LilV,Varus,56365,52093.11564320359,25200
ADC,LMS,AHQ e-Sports Club,An,Varus,7215,10622.98148704801,9925
ADC,LMS,AHQ e-Sports Club,LBB,Varus,8493,14167.01971783708,12525
ADC,LMS,Hong Kong Attitude,GodKwai,Varus,17768,11945.193424945423,11900
ADC,LMS,Fire Ball,Unified,Varus,17298,17993.82304932327,15600
ADC,LMS,Machi 17,Dee,Varus,14923,15711.371685517755,14375
ADC,LMS,Flash Wolves,Madnesss,Varus,9703,11813.654369995204,11800
ADC,LMS,Flash Wolves,Madnesss,Varus,14380,8712.41989401461,9050
ADC,LMS,AHQ e-Sports Club,An,Varus,9976,9967.703262875766,9350
ADC,LMS,Raise Gaming,LilV,Varus,10374,12752.452136760307,11575
ADC,LMS,Machi 17,Dee,Varus,9468,11134.849713327148,10350
ADC,LMS,Machi 17,Dee,Varus,19878,18893.419698630936,15125
ADC,LMS,Hong Kong Attitude,GodKwai,Varus,19412,13986.864925151893,13325
ADC,LMS,Fire Ball,Unified,Varus,16704,13492.467219023678,13e3
ADC,LMS,Fire Ball,Unified,Varus,35579,26732.682890797718,19175
ADC,LMS,AHQ e-Sports Club,An,Varus,9308,13015.545129706845,12675
ADC,LMS,AHQ e-Sports Club,An,Varus,11597,11459.342880903429,11525
ADC,LMS,Fire Ball,Unified,Varus,6129,6336.977688152289,6175
ADC,LMS,Fire Ball,Unified,Varus,11714,11239.425009808561,11350
ADC,LMS,Flash Wolves,Betty,Varus,10484,11415.749834603817,10575
ADC,LMS,Flash Wolves,Betty,Varus,23861,20416.112656437203,15825
ADC,LMS,Machi 17,Dee,Varus,24264,22579.089577583727,17650
ADC,LMS,Raise Gaming,LilV,Varus,9071,12836.635367518222,12550
ADC,LMS,Hong Kong Attitude,GodKwai,Varus,7498,8760.789813395239,9100
ADC,LMS,J Team,BeBe,Varus,10374,9652.089998309984,9975
ADC,LMS,Flash Wolves,Betty,Varus,15442,19968.94871749746,15625
ADC,LMS,Flash Wolves,Betty,Varus,30072,19050.977606630022,15200
ADC,LMS,Machi 17,Dee,Varus,27252,23971.9012079416,17275
ADC,LMS,Wayi Spider,Breeze,Varus,17484,13718.441020779805,13150
ADC,LMS,Wayi Spider,Breeze,Varus,8370,10401.156060169345,10650
ADC,LMS,J Team,BeBe,Varus,14038,14324.762303389476,12625
ADC,LMS,Machi 17,Dee,Varus,3859,8760.789813395239,9100
ADC,LMS,AHQ e-Sports Club,An,Varus,21992,22431.014894943517,16675
ADC,LMS,Flash Wolves,Betty,Varus,21952,14049.853762608229,12450
ADC,LMS,Machi 17,Dee,Varus,15978,15156.017346785311,14050
ADC,LMS,Flash Wolves,Betty,Varus,16009,19103.788352910193,15225
ADC,LMS,Flash Wolves,Betty,Varus,37648,40717.55872530085,22975
ADC,LMS,Flash Wolves,Betty,Varus,24566,15869.746481307688,13550
ADC,LMS,Flash Wolves,Betty,Varus,18774,15182.18521576923,13150
ADC,LMS,Raise Gaming,LilV,Varus,7871,9362.607483159118,9700
ADC,LMS,Flash Wolves,Betty,Varus,19504,17845.008160392295,15525
ADC,LMS,Raise Gaming,LilV,Xayah,20802,15911.075585488597,12725
ADC,LMS,Hong Kong Attitude,GodKwai,Xayah,23615,12873.721644761588,11700
ADC,LMS,J Team,BeBe,Xayah,13478,14955.186702552588,12150
ADC,LMS,Hong Kong Attitude,GodKwai,Xayah,15958,16701.586939682744,13175
ADC,LMS,Raise Gaming,LilV,Xayah,16686,14209.007368317383,11675
ADC,LMS,Raise Gaming,LilV,Xayah,18150,12689.015856164564,10625
ADC,LMS,Raise Gaming,LilV,Xayah,16888,13084.73103631958,10910
ADC,LMS,Raise Gaming,LilV,Xayah,14147,14842.809694719948,12080
ADC,LMS,Wayi Spider,Breeze,Xayah,65520,73557.91407663525,27875
ADC,LMS,Wayi Spider,Breeze,Xayah,19741,17913.28098449266,13825
ADC,LMS,Fire Ball,Enzz,Xayah,7265,8758.070093603132,8125
ADC,LMS,Fire Ball,Enzz,Xayah,5626,9913.427070692449,9275
ADC,LMS,Raise Gaming,LilV,Xayah,7689,10776.822145008677,10050
ADC,LMS,Raise Gaming,LilV,Xayah,16956,13943.584713939137,11500
ADC,LMS,Raise Gaming,LilV,Xayah,19941,16656.656843923498,13150
ADC,LMS,Flash Wolves,Betty,Xayah,13447,15157.980328541178,12275
ADC,LMS,Flash Wolves,Betty,Xayah,27412,23262.449150458244,16250
Support,LMS,J Team,Jay,Alistar,3383,3661.576832835216,8300
Support,LMS,Wayi Spider,K,Alistar,4401,4150.274931051012,8525
Support,LMS,J Team,Jay,Alistar,5652,3750.1388010012865,8525
Support,LMS,Wayi Spider,K,Alistar,2400,2898.562919604837,6100
Support,LMS,J Team,Jay,Alistar,2412,4841.333321771142,9975
Support,LMS,Raise Gaming,Koala,Alistar,3863,2669.513900413095,5325
Support,LMS,Machi 17,Dreamer,Alistar,3599,4241.8747031661205,9685
Support,LMS,Flash Wolves,SwordArt,Alistar,7224,4009.4490850158554,8200
Support,LMS,Flash Wolves,SwordArt,Alistar,2357,3189.3302688609606,7e3
Support,LMS,Machi 17,Dreamer,Alistar,5451,3871.5623970073075,8825
Support,LMS,J Team,Jay,Alistar,2898,4494.425326897066,9275
Support,LMS,J Team,Jay,Alistar,1971,4226.134312056574,9650
Support,LMS,Flash Wolves,SwordArt,Alistar,3262,3548.423986411918,7050
Support,LMS,J Team,Jay,Alistar,2402,3074.3999367592105,5700
Support,LMS,AHQ e-Sports Club,Albis,Bard,9717,7234.186875223309,8450
Support,LMS,Raise Gaming,Koala,Bard,9765,10152.268814851644,11025
Support,LMS,Raise Gaming,Koala,Bard,9765,10152.268814851644,11025
Support,LMS,AHQ e-Sports Club,Albis,Bard,5459,9625.778105135274,9850
Support,LMS,Hong Kong Attitude,Kaiwing,Blitzcrank,4870,4420.956230572199,7975
Support,LMS,Raise Gaming,Koala,Blitzcrank,4746,5489.806827150248,9210
Support,LMS,J Team,Jay,Blitzcrank,11403,7903.146900883761,14205
Support,LMS,Hong Kong Attitude,Kaiwing,Blitzcrank,3656,4757.702045997299,7675
Support,LMS,Hong Kong Attitude,Kaiwing,Blitzcrank,4783,5333.393330517983,8900
Support,LMS,Hong Kong Attitude,Kaiwing,Blitzcrank,3731,5345.840396208016,8925
Support,LMS,Wayi Spider,K,Blitzcrank,5647,4131.97172951243,7250
Support,LMS,Hong Kong Attitude,Kaiwing,Blitzcrank,2091,4175.459186668377,6275
Support,LMS,Machi 17,Dreamer,Blitzcrank,5534,4041.392150406287,5925
Support,LMS,J Team,Jay,Blitzcrank,5022,6271.514905327677,11725
Support,LMS,Raise Gaming,Koala,Blitzcrank,3980,4680.697942562972,7500
Support,LMS,Machi 17,Dreamer,Braum,8860,7037.082148594419,12075
Support,LMS,Raise Gaming,Koala,Braum,4854,4476.955288412105,7575
Support,LMS,Raise Gaming,Koala,Braum,6389,5432.534989140286,9500
Support,LMS,AHQ e-Sports Club,Albis,Braum,4247,4137.840303425239,7800
Support,LMS,Fire Ball,SkuLL,Braum,4553,4395.02861743995,8400
Support,LMS,Hong Kong Attitude,Kaiwing,Braum,4416,3427.1750080901243,5925
Support,LMS,Raise Gaming,Koala,Braum,4095,4193.845657198743,6925
Support,LMS,Machi 17,Dreamer,Braum,2511,3251.0361453962746,5400
Support,LMS,Fire Ball,SkuLL,Braum,5182,6960.574221432798,12975
Support,LMS,Raise Gaming,Koala,Braum,5032,4839.593673069025,8350
Support,LMS,Machi 17,Dreamer,Braum,4319,4322.215678182431,7225
Support,LMS,Hong Kong Attitude,Kaiwing,Braum,4200,5542.833835890256,9700
Support,LMS,Hong Kong Attitude,Kaiwing,Braum,6772,8673.165319555144,14155
Support,LMS,J Team,Jay,Braum,7369,5351.253645318881,9350
Support,LMS,Fire Ball,SkuLL,Braum,2219,3935.051379041482,7300
Support,LMS,J Team,Jay,Braum,6701,5598.820228882839,9800
Support,LMS,J Team,Jay,Braum,6701,5598.820228882839,9800
Support,LMS,J Team,Jay,Braum,3703,4648.90044235956,7950
Support,LMS,Flash Wolves,SwordArt,Braum,5817,4225.576233000672,7e3
Support,LMS,Flash Wolves,SwordArt,Braum,5703,5012.855928911763,8700
Support,LMS,Flash Wolves,SwordArt,Braum,5906,4450.58947754688,8525
Support,LMS,AHQ e-Sports Club,Albis,Braum,6063,4362.025594654985,8325
Support,LMS,Fire Ball,SkuLL,Braum,4646,7683.930493576005,12950
Support,LMS,Fire Ball,SkuLL,Braum,4612,4506.852724246592,8650
Support,LMS,Raise Gaming,Koala,Braum,7756,5166.295152331441,9e3
Support,LMS,Flash Wolves,SwordArt,Braum,5457,5459.902205691744,9550
Support,LMS,Hong Kong Attitude,Kaiwing,Braum,5709,4069.2882322339215,6625
Support,LMS,Hong Kong Attitude,Kaiwing,Braum,3607,4743.288855590723,8150
Support,LMS,AHQ e-Sports Club,Albis,Braum,4622,4343.989493295143,7275
Support,LMS,Wayi Spider,Zest,Braum,3353,4590.863881487773,7825
Support,LMS,Wayi Spider,Zest,Braum,2805,3099.485762586176,4925
Support,LMS,Wayi Spider,Zest,Braum,2994,3470.500503271393,6050
Support,LMS,Raise Gaming,Koala,Braum,4271,2999.884188345601,4600
Support,LMS,AHQ e-Sports Club,Albis,Braum,4390,5101.799470652005,8875
Support,LMS,AHQ e-Sports Club,Albis,Braum,4668,4876.209969052711,8425
Support,LMS,Raise Gaming,Koala,Braum,6850,4567.852633067989,7775
Support,LMS,Raise Gaming,Koala,Braum,6033,3948.430168996263,6325
Support,LMS,Fire Ball,SkuLL,Braum,2022,3523.214682664762,6200
Support,LMS,Fire Ball,SkuLL,Braum,3261,3186.3426062795434,5200
Support,LMS,AHQ e-Sports Club,Albis,Braum,2379,3789.5087881536797,6925
Support,LMS,Fire Ball,SkuLL,Braum,4879,4871.912834638521,9425
Support,LMS,Flash Wolves,SwordArt,Braum,7512,5192.321145442436,9050
Support,LMS,Flash Wolves,SwordArt,Braum,3431,4376.856055197158,7350
Support,LMS,Machi 17,Dreamer,Braum,4660,6144.261085852035,10725
Support,LMS,Machi 17,Dreamer,Braum,2817,4236.2063517578745,7025
Support,LMS,Raise Gaming,Koala,Braum,3181,4236.2063517578745,7025
Support,LMS,Machi 17,Dreamer,Braum,4947,4343.989493295143,7275
Support,LMS,Machi 17,Dreamer,Braum,4808,4863.973858072289,8400
Support,LMS,Raise Gaming,Koala,Braum,4960,3194.3583651815684,5225
Support,LMS,Machi 17,Dreamer,Braum,2400,3427.1750080901243,5925
Support,LMS,Raise Gaming,Koala,Braum,7738,4863.973858072289,8400
Support,LMS,Machi 17,Dreamer,Braum,3723,3799.041908899422,6950
Support,LMS,Flash Wolves,SwordArt,Braum,5249,4851.7684517606385,8375
Support,LMS,Flash Wolves,SwordArt,Braum,9915,5650.388355568836,10900
Support,LMS,Hong Kong Attitude,Kaiwing,Braum,4538,7054.785064083077,12100
Support,LMS,Fire Ball,SkuLL,Braum,3824,3695.4834313472816,6675
Support,LMS,Raise Gaming,Koala,Braum,3914,3283.873822414607,5500
Support,LMS,Raise Gaming,Koala,Braum,2965,3789.5087881536797,6925
Support,LMS,J Team,Jay,Janna,1448,1847.397214096861,6500
Support,LMS,Wayi Spider,K,Janna,1702,2306.077606132943,9975
Support,LMS,Hong Kong Attitude,Kaiwing,Janna,1533,2794.346777169248,10950
Support,LMS,Hong Kong Attitude,Kaiwing,Janna,1882,2194.195638250042,8350
Support,LMS,Hong Kong Attitude,Kaiwing,Janna,1207,1883.7932492791233,7800
Support,LMS,Raise Gaming,Koala,Janna,1015,1489.55749750933,5275
Support,LMS,Hong Kong Attitude,Kaiwing,Janna,2145,1857.6986185930766,7650
Support,LMS,Fire Ball,SkuLL,Janna,2843,2062.5766352808923,8775
Support,LMS,Flash Wolves,SwordArt,Janna,1395,2505.1061849492207,9775
Support,LMS,AHQ e-Sports Club,Albis,Janna,2121,2034.0054661359115,8625
Support,LMS,AHQ e-Sports Club,Albis,Karma,6023,6186.60209534564,7200
Support,LMS,AHQ e-Sports Club,Albis,Karma,6078,8176.286897745781,9850
Support,LMS,Wayi Spider,K,Karma,4622,5206.854357469606,6525
Support,LMS,Wayi Spider,K,Karma,5401,4824.39902137185,5800
Support,LMS,eXtreme Gamers,SuKi,Karma,7946,7505.532969630973,1e4
Support,LMS,Hong Kong Esports,Veki,Karma,6298,8328.246133633818,10025
Support,LMS,Wayi Spider,K,Karma,7346,6342.524864036002,8400
Support,LMS,eXtreme Gamers,SuKi,Karma,3936,4952.99763344404,6050
Support,LMS,Flash Wolves,SwordArt,Karma,15842,8988.469751131783,10750
Support,LMS,AHQ e-Sports Club,Albis,Karma,9437,11240.804881612985,12875
Support,LMS,AHQ e-Sports Club,Albis,Karma,7484,5739.1497821879475,7450
Support,LMS,J Team,Jay,Karma,6483,5524.908822639415,6125
Support,LMS,Wayi Spider,K,Karma,13054,8847.708817797205,10600
Support,LMS,Flash Wolves,SwordArt,Karma,6322,8719.738598343929,11425
Support,LMS,Wayi Spider,K,Karma,6346,6783.273585874749,8075
Support,LMS,Flash Wolves,SwordArt,Karma,7025,7407.456113723711,9875
Support,LMS,Hong Kong Attitude,Kaiwing,Karma,7876,6135.737971997942,8085
Support,LMS,Fire Ball,SkuLL,Karma,4677,5649.273740742074,7300
Support,LMS,Machi 17,Dreamer,Karma,3544,5642.4151262062405,6325
Support,LMS,Hong Kong Attitude,Kaiwing,Karma,10385,7685.355242578019,10225
Support,LMS,Fire Ball,SkuLL,Lulu,1413,2771.5628896250296,5275
Support,LMS,J Team,Jay,Lulu,6604,4242.084179210698,8025
Support,LMS,Machi 17,Dreamer,Lulu,2181,3447.1610119976385,7125
Support,LMS,Hong Kong Esports,Veki,Lulu,3714,4381.893159992134,8300
Support,LMS,eXtreme Gamers,SuKi,Lulu,4089,5086.881174433393,10425
Support,LMS,eXtreme Gamers,SuKi,Lulu,2235,3221.1899670604284,6550
Support,LMS,eXtreme Gamers,SuKi,Lulu,5275,3164.7176780847794,6400
Support,LMS,Hong Kong Esports,Veki,Lulu,2279,2544.4747263595737,4550
Support,LMS,Machi 17,Dreamer,Lulu,3426,3543.9322245926865,6500
Support,LMS,Wayi Spider,K,Lulu,5262,4739.430227512005,9825
Support,LMS,Machi 17,Dreamer,Lulu,1818,3770.2503089623374,7025
Support,LMS,Machi 17,Dreamer,Lulu,2257,3617.8203712829527,6675
Support,LMS,Fire Ball,SkuLL,Lulu,6011,5606.593883865048,11250
Support,LMS,J Team,Jay,Lulu,3145,4708.681704449708,8910
Support,LMS,J Team,Jay,Lulu,3401,4703.132814267391,8900
Support,LMS,Fire Ball,SkuLL,Lulu,1390,2659.5095446426635,4925
Support,LMS,Flash Wolves,SwordArt,Lulu,2090,3671.53892711664,6800
Support,LMS,Flash Wolves,SwordArt,Lulu,5640,3737.0551052937003,6950
Support,LMS,Machi 17,Dreamer,Lulu,5912,4454.934853943741,9300
Support,LMS,Hong Kong Attitude,Kaiwing,Lulu,4597,3426.897496588492,7075
Support,LMS,Hong Kong Attitude,Kaiwing,Lulu,8789,3560.7712204038676,7400
Support,LMS,Flash Wolves,SwordArt,Lulu,3336,3635.0104466616144,7575
Support,LMS,Fire Ball,SkuLL,Lulu,3817,4526.309911454542,8575
Support,LMS,Fire Ball,SkuLL,Lulu,7295,5524.563396767973,11125
Support,LMS,Fire Ball,SkuLL,Lulu,3110,2659.5095446426635,4925
Support,LMS,Machi 17,Dreamer,Lulu,2255,2854.4800506474903,5525
Support,LMS,Machi 17,Dreamer,Lulu,4433,2948.5569076079846,5800
Support,LMS,Machi 17,Dreamer,Lulu,2845,4988.750591144964,9400
Support,LMS,Fire Ball,SkuLL,Lulu,3917,3890.011585181659,8150
Support,LMS,Fire Ball,SkuLL,Lulu,2936,2948.5569076079846,5800
Support,LMS,Hong Kong Attitude,Kaiwing,Lulu,1823,2783.0246695487835,5310
Support,LMS,J Team,Jay,Lulu,5172,3737.0551052937003,6950
Support,LMS,Machi 17,Dreamer,Lulu,4450,3175.932371530377,6430
Support,LMS,Hong Kong Attitude,Kaiwing,Lulu,2705,2710.1604859191834,5085
Support,LMS,Wayi Spider,K,Lulu,3376,3192.8289702433904,6475
Support,LMS,Flash Wolves,SwordArt,Lulu,3360,7118.648065116195,13275
Support,LMS,J Team,Jay,Malzahar,6099,8648.68205022464,7875
Support,LMS,J Team,Jay,Malzahar,8740,9669.025863400757,9150
Support,LMS,Fire Ball,SkuLL,Malzahar,14572,15836.580492103543,15950
Support,LMS,AHQ e-Sports Club,Albis,Malzahar,5719,8005.09877003538,8150
Support,LMS,Flash Wolves,SwordArt,Morgana,6913,8679.249029374705,10550
Support,LMS,Fire Ball,SkuLL,Nami,6298,5923.178072807741,10025
Support,LMS,eXtreme Gamers,SuKi,Nami,3564,3998.5564817768513,4950
Support,LMS,AHQ e-Sports Club,Albis,Nami,4013,5298.013109932644,7275
Support,LMS,AHQ e-Sports Club,Albis,Nami,4920,5196.447549936866,7025
Support,LMS,Hong Kong Attitude,Kaiwing,Nami,12089,6375.2822268286145,10975
Support,LMS,Machi 17,Dreamer,Rakan,6046,4882.353987870813,9450
Support,LMS,AHQ e-Sports Club,Albis,Rakan,4840,5403.296367314972,9450
Support,LMS,Wayi Spider,K,Rakan,7184,8996.20583924877,15630
Support,LMS,Wayi Spider,K,Rakan,4700,10493.232195591463,18725
Support,LMS,Raise Gaming,Koala,Rakan,1901,3481.331456579958,5350
Support,LMS,Fire Ball,SkuLL,Rakan,2994,3424.36702625893,5150
Support,LMS,Fire Ball,SkuLL,Rakan,3212,3598.118894778927,5750
Support,LMS,Wayi Spider,Zest,Rakan,5154,3431.4362903454894,5175
Support,LMS,J Team,Jay,Rakan,5761,4743.407057989102,9100
Support,LMS,Flash Wolves,SwordArt,Rakan,6290,4306.645324942605,6700
Support,LMS,Flash Wolves,SwordArt,Rakan,6027,4166.860595910599,6300
Support,LMS,J Team,Jay,Rakan,4500,3627.922857069176,5850
Support,LMS,AHQ e-Sports Club,Albis,Rakan,4296,4175.462663895277,6325
Support,LMS,AHQ e-Sports Club,Albis,Rakan,3742,4414.552728198685,7e3
Support,LMS,AHQ e-Sports Club,Albis,Rakan,5846,4902.533060654092,9500
Support,LMS,Raise Gaming,Koala,Rakan,7493,5184.968466488862,8950
Support,LMS,J Team,Jay,Tahm Kench,3941,3873.010636626571,7475
Support,LMS,J Team,Jay,Tahm Kench,2889,3917.479158131568,7625
Support,LMS,Wayi Spider,K,Tahm Kench,5352,3098.373569959945,5875
Support,LMS,Flash Wolves,SwordArt,Tahm Kench,3152,3063.2029701520846,5725
Support,LMS,Hong Kong Attitude,Kaiwing,Tahm Kench,4391,3005.470246843777,5475
Support,LMS,J Team,Jay,Tahm Kench,3767,3596.016351990978,6500
Support,LMS,AHQ e-Sports Club,Albis,Tahm Kench,3739,3922.827523657117,8975
Support,LMS,Fire Ball,SkuLL,Tahm Kench,1869,3051.568380050126,5675
Support,LMS,AHQ e-Sports Club,Albis,Tahm Kench,6089,4082.7447675937447,9500
Support,LMS,AHQ e-Sports Club,Albis,Tahm Kench,4420,3261.70591610308,6550
Support,LMS,J Team,Jay,Tahm Kench,2942,3292.884304876523,6675
Support,LMS,Raise Gaming,Koala,Tahm Kench,3828,3151.8880719382178,6100
Support,LMS,AHQ e-Sports Club,Albis,Tahm Kench,3849,3362.5298450545856,6950
Support,LMS,J Team,Jay,Tahm Kench,4010,3533.058557739823,7600
Support,LMS,Machi 17,Dreamer,Tahm Kench,3517,3122.0446937388274,5975
Support,LMS,Raise Gaming,Koala,Taric,4869,2143.1656116802296,7525
Support,LMS,Raise Gaming,Koala,Taric,3079,1720.1463762152077,6975
Support,LMS,AHQ e-Sports Club,Albis,Taric,2351,2374.100789453406,8e3
Support,LMS,Fire Ball,SkuLL,Taric,605,951.1771148769151,4225
Support,LMS,J Team,Jay,Thresh,6934,6458.3102484939045,13075
Support,LMS,Wayi Spider,K,Thresh,4933,4537.01238611227,9880
Support,LMS,Raise Gaming,Koala,Thresh,6205,6584.431717555338,13250
Support,LMS,Machi 17,Dreamer,Thresh,3636,3420.8876413863763,7325
Support,LMS,Hong Kong Attitude,Kaiwing,Thresh,3540,3318.4842602267695,7050
Support,LMS,Hong Kong Attitude,Kaiwing,Thresh,4416,3468.4734728791364,7450
Support,LMS,AHQ e-Sports Club,Albis,Thresh,3910,3436.9353589122516,6450
Support,LMS,Wayi Spider,K,Thresh,2716,4346.743441811525,8575
Support,LMS,Machi 17,Dreamer,Thresh,2332,5235.106024881029,11175
Support,LMS,Wayi Spider,K,Thresh,5099,6072.304413874483,11600
Support,LMS,AHQ e-Sports Club,Albis,Thresh,3312,3484.744420181047,6575
Support,LMS,AHQ e-Sports Club,Albis,Thresh,4403,3692.9133186871763,7100
Support,LMS,Raise Gaming,Koala,Thresh,5858,5841.908452571541,11250
Support,LMS,Fire Ball,SkuLL,Thresh,3344,3183.7654119990266,6675
Support,LMS,Wayi Spider,K,Thresh,2060,2689.963206434279,5150
Support,LMS,Machi 17,Dreamer,Thresh,2149,3665.5288867683066,7950
Support,LMS,Machi 17,Dreamer,Thresh,6639,6055.550382374357,11575
Support,LMS,J Team,Jay,Thresh,6451,4868.110852908128,9600
Support,LMS,Flash Wolves,SwordArt,Thresh,3200,4193.388816942195,8250
Support,LMS,Flash Wolves,SwordArt,Thresh,2332,3035.1157525455246,5325
Support,LMS,Fire Ball,SkuLL,Thresh,2424,3309.3282650659353,7025
Support,LMS,Fire Ball,SkuLL,Thresh,2271,2827.123508136671,5600
Support,LMS,Flash Wolves,SwordArt,Thresh,2998,3288.309967237448,6050
Support,LMS,Hong Kong Attitude,Kaiwing,Thresh,4417,7960.586276993026,14050
Support,LMS,Hong Kong Attitude,Kaiwing,Thresh,3658,6329.249807414571,11975
Support,LMS,AHQ e-Sports Club,Albis,Thresh,5465,4193.388816942195,8250
Support,LMS,Flash Wolves,SwordArt,Thresh,6761,5201.856673719296,10200
Support,LMS,Machi 17,Dreamer,Thresh,2027,3721.5929601672124,7170
Support,LMS,Machi 17,Dreamer,Thresh,5949,4521.994905748674,9850
Support,LMS,Raise Gaming,Koala,Thresh,7232,3392.650089054796,7250
Support,LMS,Raise Gaming,Koala,Thresh,3367,3672.563274359135,7050
Support,LMS,Raise Gaming,Koala,Thresh,3884,4765.718920881099,10325
Support,LMS,Raise Gaming,Koala,Thresh,6009,9957.21863528691,16075
Support,LMS,Wayi Spider,K,Thresh,3207,3703.1305875003704,7125
Support,LMS,J Team,Jay,Thresh,4120,3392.650089054796,7250
Support,LMS,Flash Wolves,SwordArt,Thresh,3716,3775.447378092893,7300
Support,LMS,AHQ e-Sports Club,Albis,Thresh,3200,3504.053741253249,6625
Support,LMS,Flash Wolves,SwordArt,Thresh,2086,3927.6653980624983,8575
Support,LMS,Flash Wolves,SwordArt,Thresh,3822,3154.81608971285,5675
Support,LMS,Flash Wolves,SwordArt,Thresh,2402,4193.388816942195,8250
Support,LMS,Machi 17,Dreamer,Thresh,3828,4788.075373085139,9450
Support,LMS,J Team,Jay,Thresh,6526,4000.98205934925,7825
Support,LMS,Hong Kong Attitude,Kaiwing,Thresh,2137,3978.934381747004,7775
Support,LMS,Wayi Spider,K,Thresh,6730,4216.624808247036,8300
Support,LMS,Fire Ball,SkuLL,Thresh,5468,3458.9036440528357,7425
Support,LMS,Machi 17,Dreamer,Thresh,2771,2954.9041440549067,6e3
Support,LMS,Hong Kong Attitude,Kaiwing,Thresh,4791,4623.05836540119,10050
Support,LMS,Wayi Spider,K,Thresh,4040,3817.403569771397,7400
Support,LMS,Raise Gaming,Koala,Thresh,3175,3754.642524344067,7250
Support,LMS,Fire Ball,SkuLL,Thresh,5062,2938.6209483426373,5950
Support,LMS,Fire Ball,SkuLL,Thresh,3607,3478.0697787725107,7475
Support,LMS,Wayi Spider,K,Thresh,4117,5173.1914967267485,10150
Support,LMS,Wayi Spider,K,Thresh,2341,3131.421864349329,6525
Support,LMS,J Team,Jay,Thresh,4058,4124.446285395719,8100
Support,LMS,AHQ e-Sports Club,Albis,Thresh,6213,4644.745583027409,9175
Support,LMS,Wayi Spider,K,Thresh,2663,3288.309967237448,6050
Support,LMS,Flash Wolves,SwordArt,Thresh,3776,2827.123508136671,5600
Support,LMS,Machi 17,Dreamer,Thresh,1936,2959.8066743064987,6015
Support,LMS,Machi 17,Dreamer,Thresh,9488,6488.606811674884,12200
Support,LMS,Hong Kong Attitude,Kaiwing,Thresh,4300,3799.5793724058203,8275
Support,LMS,Hong Kong Attitude,Kaiwing,Thresh,6971,5589.283412755085,10850
Support,LMS,Raise Gaming,Koala,Thresh,2356,4310.863457352174,8500
Support,LMS,Flash Wolves,SwordArt,Thresh,4273,3635.271955055369,7875
Support,LMS,Raise Gaming,Koala,Thresh,2845,2890.3077638805316,5800
Support,LMS,Fire Ball,SkuLL,Thresh,7294,3210.2643847999216,6750
Support,LMS,Flash Wolves,SwordArt,Thresh,3780,4322.790423126827,8525
Support,LMS,Wayi Spider,K,Zyra,7335,7643.84417869183,6175
Support,LMS,Wayi Spider,K,Zyra,9215,11092.681766516489,8700
Support,LMS,Wayi Spider,K,Zyra,9758,15395.078361650802,10235
Support,LMS,Flash Wolves,SwordArt,Zyra,12512,11590.09014244109,8310
Support,LMS,Hong Kong Esports,Veki,Zyra,7366,6532.797810186602,5110
Support,LMS,Flash Wolves,SwordArt,Zyra,39944,42528.714171195614,17125
Support,LMS,Fire Ball,SkuLL,Zyra,7540,6556.9285605212535,5135
Support,LMS,J Team,Jay,Zyra,17271,15891.047443935428,10450
Support,LMS,Wayi Spider,Zest,Zyra,10210,7643.84417869183,6175
Support,LMS,Wayi Spider,K,Zyra,10531,9431.531437037715,7600
Support,LMS,Fire Ball,SkuLL,Zyra,12501,11441.604390094119,8910
Support,LMS,J Team,Jay,Zyra,17478,24282.563994974193,13325
Support,LMS,Machi 17,Dreamer,Zyra,10895,9362.239499185325,7550
Support,LMS,Wayi Spider,K,Zyra,7641,12831.602514193135,9e3
Support,LMS,Wayi Spider,K,Zyra,13991,15979.339081333988,11175
Support,LMS,Flash Wolves,SwordArt,Zyra,8324,9912.756825306793,7250
Support,LMS,J Team,Jay,Zyra,20310,11810.208037046255,9125
Support,LMS,Wayi Spider,K,Zyra,20832,17522.242479805922,11800
Support,LMS,Wayi Spider,K,Zyra,17841,15086.18911468222,10785
Support,LMS,Machi 17,Dreamer,Zyra,17769,16918.954333113164,10875
Support,LMS,Wayi Spider,K,Zyra,12008,8891.242547444293,7200
Support,LMS,Flash Wolves,SwordArt,Zyra,15522,11361.616998421636,8175
Support,LMS,Flash Wolves,SwordArt,Zyra,14967,9660.193103136962,7075
