league,team,player,champion,dmgtochamps,predicted,goldspent
EULCS,Splyce,Kobbe,Ashe,5470,17032.82375948123,7575
EULCS,Vitality,Steeelback,Ashe,7503,14170.99743032691,12e3
EULCS,G2 Esports,Zven,Ashe,12445,17032.823759494517,13420
EULCS,Giants,HeaQ,Ashe,14566,14170.997430338031,11050
EULCS,Misfits,Hans Sama,Ashe,14078,14170.997430346615,12575
EULCS,Origen,Tabzz,Ashe,14400,14170.997430329746,10775
EULCS,H2K,Nuclear,Ashe,22477,17032.823759491024,13375
EULCS,Vitality,Steeelback,Ashe,6871,17032.823759487612,13325
EULCS,Vitality,Steeelback,Ashe,22134,14170.997430337413,14950
EULCS,Giants,HeaQ,Ashe,3746,14170.997430340462,8625
EULCS,Origen,Tabzz,Ashe,8670,14170.9974303389,10550
EULCS,Origen,Tabzz,Ashe,7073,14170.997430334432,10275
EULCS,Giants,HeaQ,Ashe,9254,14170.99743033662,12425
EULCS,Giants,HeaQ,Ashe,10997,14170.997430334672,13125
EULCS,G2 Esports,Zven,Ashe,22565,14170.997430337622,14925
EULCS,H2K,Nuclear,Ashe,15404,17032.8237594879,10600
EULCS,Misfits,Hans Sama,Ashe,7076,14170.997430335558,9100
EULCS,Ninjas in Pyjamas,HeaQ,Ashe,18301,14170.997430335632,10650
EULCS,Misfits,Hans Sama,Ashe,13153,17032.823759487226,11095
EULCS,Ninjas in Pyjamas,HeaQ,Ashe,12678,14170.997430335608,17050
EULCS,Ninjas in Pyjamas,HeaQ,Ashe,26385,14170.997430335565,14575
EULCS,Mysterious Monkeys,Yuuki60,Ashe,10315,14170.99743033558,9275
EULCS,Mysterious Monkeys,Yuuki60,Ashe,13974,14170.99743033558,13175
EULCS,Misfits,Hans Sama,Ashe,14053,17032.823759488092,11875
EULCS,Misfits,Hans Sama,Ashe,6597,14170.997430335572,7950
EULCS,H2K,Nuclear,Ashe,21873,17032.823759488085,12075
EULCS,H2K,Nuclear,Ashe,7063,14170.997430335572,8725
EULCS,Vitality,Steeelback,Ashe,9653,14170.99743033558,12800
EULCS,H2K,Nuclear,Ashe,23591,17032.823759488085,15400
EULCS,H2K,Nuclear,Ashe,18476,17032.823759488085,18250
EULCS,H2K,Nuclear,Ashe,15857,17032.823759488085,14180
EULCS,G2 Esports,Zven,Ashe,12867,17032.823759488085,14325
EULCS,Vitality,Steeelback,Ashe,19292,17032.823759488092,13875
EULCS,Ninjas in Pyjamas,HeaQ,Ashe,19363,17032.823759488092,14950
EULCS,Ninjas in Pyjamas,HeaQ,Ashe,9456,14170.99743033558,8275
EULCS,Vitality,Steeelback,Ashe,17244,14170.997430335576,11850
EULCS,H2K,Nuclear,Ashe,18209,17032.823759488085,12825
EULCS,Vitality,Steeelback,Ashe,21120,17032.823759488085,14550
EULCS,Fnatic,Rekkles,Ashe,14862,17032.823759488085,13100
EULCS,Fnatic,Rekkles,Ashe,14847,17032.823759488085,11650
EULCS,Misfits,Hans Sama,Ashe,5132,14170.997430335576,7900
EULCS,Giants,HeaQ,Caitlyn,11218,15911.094444668097,12475
EULCS,Unicorns of Love,Samux,Caitlyn,4522,22266.648745025675,8325
EULCS,Unicorns of Love,Samux,Caitlyn,21831,22266.648745025675,12800
EULCS,Vitality,Steeelback,Caitlyn,16698,15911.094444668097,13100
EULCS,H2K,Nuclear,Caitlyn,23453,22266.648745025675,15725
EULCS,Giants,HeaQ,Caitlyn,28200,22266.648745025675,20050
EULCS,Giants,HeaQ,Caitlyn,6650,15911.0944446681,8725
EULCS,Unicorns of Love,Samux,Caitlyn,19617,15911.094444668093,10525
EULCS,Vitality,Steeelback,Caitlyn,11092,15911.094444668097,9775
EULCS,H2K,Nuclear,Caitlyn,21684,22266.648745025675,16100
EULCS,G2 Esports,Zven,Caitlyn,25277,15911.094444668104,13850
EULCS,Roccat,Hjarnan,Caitlyn,22121,15911.094444668093,13475
EULCS,Unicorns of Love,Samux,Caitlyn,12608,22266.648745025675,10250
EULCS,Unicorns of Love,Samux,Caitlyn,28401,22266.648745025675,10825
EULCS,Splyce,Kobbe,Caitlyn,18516,22266.648745025675,11400
EULCS,Unicorns of Love,Samux,Caitlyn,25481,22266.648745025675,16875
EULCS,Vitality,Steeelback,Caitlyn,10996,22266.648745025675,11500
EULCS,Vitality,Steeelback,Caitlyn,23100,22266.648745025675,14875
EULCS,G2 Esports,Zven,Caitlyn,11713,15911.094444668097,13100
EULCS,Splyce,Kobbe,Caitlyn,16365,15911.0944446681,11650
EULCS,Unicorns of Love,Samux,Caitlyn,23775,15911.094444668108,12600
EULCS,Unicorns of Love,Samux,Caitlyn,11400,15911.094444668097,9350
EULCS,Ninjas in Pyjamas,HeaQ,Caitlyn,11834,15911.094444668097,9950
EULCS,Vitality,Steeelback,Caitlyn,14561,15911.094444668097,12075
EULCS,Vitality,Steeelback,Caitlyn,10843,15911.094444668097,7600
EULCS,H2K,Nuclear,Caitlyn,10307,15911.094444668093,10025
EULCS,Vitality,Steeelback,Caitlyn,14442,15911.094444668097,11850
EULCS,Splyce,Kobbe,Caitlyn,14378,22266.648745025675,10525
EULCS,G2 Esports,Zven,Caitlyn,5914,15911.0944446681,9200
EULCS,Unicorns of Love,Samux,Caitlyn,13472,15911.0944446681,8075
EULCS,G2 Esports,Zven,Caitlyn,9117,15911.094444668093,11025
EULCS,Ninjas in Pyjamas,HeaQ,Caitlyn,17446,15911.094444668097,15275
EULCS,Splyce,Kobbe,Caitlyn,27049,15911.094444668104,16750
EULCS,Roccat,Hjarnan,Caitlyn,19951,15911.094444668093,13e3
EULCS,Vitality,Steeelback,Caitlyn,22991,22266.648745025675,14425
EULCS,Unicorns of Love,Samux,Caitlyn,27611,22266.648745025675,14425
EULCS,Unicorns of Love,Samux,Caitlyn,29030,22266.648745025675,17800
EULCS,G2 Esports,Zven,Caitlyn,22358,22266.648745025668,13300
EULCS,G2 Esports,Zven,Caitlyn,15866,22266.648745025675,12300
EULCS,Ninjas in Pyjamas,HeaQ,Caitlyn,5632,15911.0944446681,9800
EULCS,Mysterious Monkeys,Yuuki60,Caitlyn,23983,15911.0944446681,13075
EULCS,H2K,Nuclear,Caitlyn,25905,22266.648745025675,14525
EULCS,Misfits,Hans Sama,Caitlyn,12374,15911.094444668097,12875
EULCS,Ninjas in Pyjamas,HeaQ,Caitlyn,18504,15911.094444668097,14400
EULCS,Ninjas in Pyjamas,HeaQ,Caitlyn,9326,15911.094444668093,7525
EULCS,Splyce,Kobbe,Ezreal,19653,23043.78143393657,14258
EULCS,G2 Esports,Zven,Ezreal,24355,23043.78143393657,14300
EULCS,Misfits,Hans Sama,Ezreal,17887,18244.388673871184,12333
EULCS,Origen,Tabzz,Ezreal,8928,18244.388673871195,7458
EULCS,H2K,Nuclear,Ezreal,10396,18244.388673871195,9458
EULCS,G2 Esports,Zven,Ezreal,12978,23043.781433936587,11558
EULCS,Fnatic,Rekkles,Ezreal,45962,18244.38867387117,18258
EULCS,G2 Esports,Zven,Ezreal,22801,18244.388673871195,10733
EULCS,Splyce,Kobbe,Ezreal,12278,18244.388673871184,9508
EULCS,Misfits,Hans Sama,Ezreal,5199,18244.388673871184,7725
EULCS,Splyce,Kobbe,Jhin,12220,15575.13884325932,9575
EULCS,Ninjas in Pyjamas,HeaQ,Jhin,16389,15575.13884325932,13900
EULCS,Vitality,Steeelback,Jhin,8715,19018.931977577373,12325
EULCS,Ninjas in Pyjamas,HeaQ,Jhin,18147,19018.931977577366,13325
EULCS,Ninjas in Pyjamas,HeaQ,Jhin,12854,15575.138843259316,11230
EULCS,Ninjas in Pyjamas,HeaQ,Jhin,25616,15575.13884325933,11800
EULCS,Roccat,Hjarnan,Jhin,35068,15575.138843259338,19525
EULCS,Roccat,Hjarnan,Jhin,49808,19018.93197757736,19825
EULCS,Vitality,Steeelback,Jhin,10803,15575.138843259323,9425
EULCS,Splyce,Kobbe,Jhin,23501,19018.931977577373,12950
EULCS,Ninjas in Pyjamas,HeaQ,Jhin,16023,19018.931977577373,12950
EULCS,Unicorns of Love,Samux,Jhin,24182,19018.931977577373,11225
EULCS,Unicorns of Love,Samux,Jhin,23136,15575.138843259323,12800
EULCS,Fnatic,Rekkles,Jhin,44359,19018.93197757736,28575
EULCS,Splyce,Kobbe,Kalista,11503,13317.081967387196,13075
EULCS,G2 Esports,Zven,Kalista,13289,13317.081967387196,13950
EULCS,G2 Esports,Zven,Kalista,12435,15237.51971655858,17075
EULCS,Roccat,Hjarnan,Kalista,10568,15237.519716558572,8950
EULCS,Vitality,Steeelback,Kalista,9627,13317.0819673872,13750
EULCS,Vitality,Steeelback,Kalista,8074,13317.081967387196,9375
EULCS,Roccat,Hjarnan,Kalista,16403,15237.519716558576,14350
EULCS,Ninjas in Pyjamas,HeaQ,Kalista,10910,13317.081967387196,11975
EULCS,Splyce,Kobbe,Kalista,11013,15237.519716558572,9550
EULCS,H2K,Nuclear,Kalista,7719,13317.081967387196,8200
EULCS,Roccat,Hjarnan,Kalista,11284,13317.081967387196,14925
EULCS,Roccat,Hjarnan,Kalista,8151,15237.519716558589,13275
EULCS,G2 Esports,Zven,Kalista,20401,13317.081967387196,14625
EULCS,Misfits,Hans Sama,Kalista,26688,13317.081967387205,25275
EULCS,Roccat,Hjarnan,Kalista,13848,15237.519716558576,16650
EULCS,Splyce,Kobbe,Kalista,24488,15237.51971655858,17575
EULCS,Roccat,Hjarnan,Kalista,4974,13317.081967387205,12175
EULCS,Unicorns of Love,Samux,Kalista,7266,15237.519716558585,11750
EULCS,Mysterious Monkeys,Yuuki60,Kalista,25982,13317.081967387205,18600
EULCS,Mysterious Monkeys,Yuuki60,Kalista,24753,13317.081967387205,13800
EULCS,Roccat,Hjarnan,Kalista,5247,13317.081967387205,11460
EULCS,H2K,Nuclear,Kalista,10764,15237.519716558572,8750
EULCS,Splyce,Kobbe,Kalista,12696,13317.081967387196,14475
EULCS,G2 Esports,Zven,Kalista,5907,15237.519716558589,7875
EULCS,Mysterious Monkeys,Yuuki60,Kalista,17467,15237.519716558576,17200
EULCS,Mysterious Monkeys,Yuuki60,Kalista,27982,13317.081967387205,17975
EULCS,Mysterious Monkeys,Yuuki60,Kalista,4670,15237.519716558589,10450
EULCS,Roccat,Hjarnan,Kalista,17063,15237.519716558576,14e3
EULCS,Unicorns of Love,Samux,Kalista,15257,15237.51971655858,10775
EULCS,G2 Esports,Zven,Kalista,13533,13317.081967387196,11950
EULCS,Misfits,Hans Sama,Kalista,20982,15237.51971655858,12575
EULCS,Vitality,Steeelback,Kalista,7026,13317.0819673872,9875
EULCS,Fnatic,Rekkles,Kalista,39145,13317.081967387192,22095
EULCS,Unicorns of Love,Samux,Kalista,12867,13317.081967387196,9025
EULCS,Misfits,Hans Sama,Kalista,6808,15237.519716558585,11875
EULCS,Misfits,Hans Sama,Kalista,32765,13317.081967387196,17700
EULCS,Misfits,Hans Sama,Kalista,11509,13317.081967387196,11100
EULCS,Vitality,Steeelback,Kalista,11532,15237.519716558572,9625
EULCS,Ninjas in Pyjamas,HeaQ,Kalista,11780,13317.081967387196,12025
EULCS,Ninjas in Pyjamas,HeaQ,Kalista,10138,13317.0819673872,7200
EULCS,Splyce,Kobbe,Kalista,5077,13317.081967387205,7950
EULCS,Ninjas in Pyjamas,HeaQ,Kalista,14588,15237.51971655858,11875
EULCS,Roccat,Hjarnan,Kalista,14115,13317.081967387196,12150
EULCS,Mysterious Monkeys,Yuuki60,Kalista,30918,15237.519716558589,15075
EULCS,G2 Esports,Zven,Kalista,18092,15237.51971655858,15250
EULCS,Misfits,Hans Sama,Kalista,13261,13317.081967387196,10275
EULCS,Ninjas in Pyjamas,HeaQ,Kalista,6944,15237.519716558585,10210
EULCS,G2 Esports,Zven,Kog'Maw,11428,17068.551527076386,12375
EULCS,G2 Esports,Zven,Kog'Maw,28036,27617.89225950192,14675
EULCS,G2 Esports,Zven,Kog'Maw,8683,17068.551527076394,9100
EULCS,Roccat,Hjarnan,Kog'Maw,13407,17068.551527076386,9125
EULCS,Roccat,Hjarnan,Kog'Maw,10009,27617.892259501874,12325
EULCS,H2K,Nuclear,Kog'Maw,4656,27617.8922595019,9700
EULCS,H2K,Nuclear,Kog'Maw,20139,17068.551527076386,9775
EULCS,Unicorns of Love,Samux,Kog'Maw,15249,17068.551527076394,9550
EULCS,Splyce,Kobbe,Kog'Maw,21801,27617.89225950192,11475
EULCS,Splyce,Kobbe,Kog'Maw,27042,17068.5515270764,15225
EULCS,Roccat,Hjarnan,Kog'Maw,39081,17068.551527076364,19050
EULCS,Vitality,Steeelback,Lucian,2827,14661.314346081,6950
EULCS,Fnatic,Rekkles,Lucian,11075,20865.903677933184,10233
EULCS,Fnatic,Rekkles,Lucian,46224,14661.314346080993,27158
EULCS,Unicorns of Love,Samux,Lucian,19796,20865.903677933165,11100
EULCS,Unicorns of Love,Samux,Lucian,11699,20865.90367793319,12900
EULCS,Fnatic,Rekkles,Lucian,1782,14661.314346080993,10083
EULCS,G2 Esports,Zven,Lucian,27429,20865.903677933165,18425
EULCS,Vitality,Steeelback,Lucian,11903,14661.314346080984,9350
EULCS,Unicorns of Love,Samux,Lucian,13808,20865.903677933165,9825
EULCS,H2K,Nuclear,Lucian,19466,20865.903677933165,11475
EULCS,Ninjas in Pyjamas,HeaQ,Lucian,11796,14661.314346080984,9250
EULCS,G2 Esports,Zven,Lucian,15243,20865.903677933165,9725
EULCS,Roccat,Hjarnan,Sivir,12286,14501.47480576085,14825
EULCS,Roccat,Hjarnan,Sivir,16343,24436.717893415964,15575
EULCS,Fnatic,Rekkles,Sivir,23611,24436.717893415964,14250
EULCS,Roccat,Hjarnan,Sivir,34611,24436.717893415953,14725
EULCS,Mysterious Monkeys,Yuuki60,Sivir,7883,14501.474805760847,9700
EULCS,Fnatic,Rekkles,Tristana,24354,20103.118963876426,17125
EULCS,Fnatic,Rekkles,Tristana,7212,20103.118963876415,11875
EULCS,Fnatic,Rekkles,Tristana,23566,20103.118963876426,20175
EULCS,Fnatic,Rekkles,Tristana,12890,20103.118963876415,15150
EULCS,Fnatic,Rekkles,Tristana,21380,20103.118963876415,17575
EULCS,Ninjas in Pyjamas,HeaQ,Tristana,18974,13359.6899080243,11800
EULCS,Roccat,Hjarnan,Tristana,7581,13359.689908024295,7050
EULCS,Roccat,Hjarnan,Tristana,8095,13359.689908024295,11275
EULCS,Roccat,Hjarnan,Tristana,7274,13359.689908024297,8425
EULCS,Mysterious Monkeys,Yuuki60,Tristana,6328,13359.689908024307,10575
EULCS,G2 Esports,Zven,Tristana,23906,20103.118963876415,14600
EULCS,Splyce,Kobbe,Tristana,37866,20103.118963876408,17650
EULCS,Vitality,Steeelback,Tristana,18729,20103.118963876415,13325
EULCS,H2K,Nuclear,Tristana,11388,20103.118963876415,12850
EULCS,Mysterious Monkeys,Yuuki60,Tristana,19236,13359.6899080243,14575
EULCS,G2 Esports,Zven,Tristana,23798,20103.118963876415,11575
EULCS,H2K,Nuclear,Tristana,19343,20103.118963876415,13950
EULCS,Vitality,Steeelback,Tristana,9460,13359.6899080243,8075
EULCS,Fnatic,Rekkles,Tristana,30812,20103.118963876415,15425
EULCS,Misfits,Hans Sama,Tristana,15638,20103.118963876415,13925
EULCS,Misfits,Hans Sama,Tristana,18061,20103.118963876415,10650
EULCS,Splyce,Kobbe,Tristana,9357,13359.6899080243,11950
EULCS,G2 Esports,Zven,Twitch,32559,23718.192809513053,15175
EULCS,Splyce,Kobbe,Twitch,7520,17650.975203150232,6850
EULCS,G2 Esports,Zven,Twitch,27098,23718.19280951307,17825
EULCS,Vitality,Steeelback,Twitch,6977,17650.975203150232,8900
EULCS,Mysterious Monkeys,Yuuki60,Twitch,14246,17650.97520315024,14025
EULCS,Fnatic,Rekkles,Twitch,20442,23718.19280951307,13100
EULCS,Fnatic,Rekkles,Twitch,42621,23718.19280951306,18150
EULCS,Unicorns of Love,Samux,Twitch,15722,23718.19280951307,10500
EULCS,Mysterious Monkeys,Yuuki60,Twitch,31796,17650.975203150232,15425
EULCS,G2 Esports,Zven,Twitch,36885,23718.19280951306,15450
EULCS,Mysterious Monkeys,Yuuki60,Twitch,18929,17650.975203150232,11875
EULCS,Mysterious Monkeys,Yuuki60,Twitch,8642,17650.975203150232,9005
EULCS,H2K,Nuclear,Twitch,27037,23718.19280951307,14005
EULCS,Unicorns of Love,Samux,Twitch,21900,23718.19280951308,13200
EULCS,Unicorns of Love,Samux,Twitch,12789,23718.19280951307,11300
EULCS,Splyce,Kobbe,Twitch,40876,23718.19280951306,13425
EULCS,Vitality,Steeelback,Twitch,57770,23718.19280951306,22150
EULCS,G2 Esports,Zven,Twitch,15452,23718.19280951307,9125
EULCS,H2K,Nuclear,Twitch,26294,23718.19280951307,12750
EULCS,G2 Esports,Zven,Twitch,29016,23718.19280951307,13050
EULCS,Unicorns of Love,Samux,Twitch,14064,17650.97520315024,12375
EULCS,Unicorns of Love,Samux,Twitch,16101,23718.19280951307,11775
EULCS,Vitality,Steeelback,Twitch,6354,23718.192809513046,9425
EULCS,Vitality,Steeelback,Twitch,17219,17650.975203150232,11425
EULCS,Unicorns of Love,Samux,Twitch,25094,23718.19280951307,15150
EULCS,Roccat,Hjarnan,Varus,23862,17469.796009988244,14025
EULCS,Splyce,Kobbe,Varus,21731,17469.796009988244,11475
EULCS,Splyce,Kobbe,Varus,10653,13921.324046552958,9800
EULCS,H2K,Nuclear,Varus,18525,17469.796009988244,14625
EULCS,H2K,Nuclear,Varus,11860,17469.796009988244,10550
EULCS,Misfits,Hans Sama,Varus,14788,17469.796009988244,13050
EULCS,Misfits,Hans Sama,Varus,11721,17469.796009988244,13875
EULCS,Unicorns of Love,Samux,Varus,12162,17469.796009988244,9750
EULCS,H2K,Nuclear,Varus,16869,17469.796009988244,11200
EULCS,Misfits,Hans Sama,Varus,12410,17469.796009988244,14700
EULCS,Splyce,Kobbe,Varus,20586,13921.324046552967,15125
EULCS,H2K,Nuclear,Varus,13084,17469.796009988244,9750
EULCS,Misfits,Hans Sama,Varus,11777,13921.324046552962,12760
EULCS,Misfits,Hans Sama,Varus,5424,13921.324046552965,9350
EULCS,H2K,Nuclear,Varus,16589,17469.796009988244,13025
EULCS,Mysterious Monkeys,Yuuki60,Varus,10047,13921.324046552965,9350
EULCS,Ninjas in Pyjamas,HeaQ,Varus,27160,13921.324046552965,16625
EULCS,Misfits,Hans Sama,Varus,19549,17469.796009988244,18970
EULCS,Splyce,Kobbe,Varus,19677,17469.796009988244,12450
EULCS,Mysterious Monkeys,Yuuki60,Varus,12060,13921.324046552962,8050
EULCS,Misfits,Hans Sama,Varus,19173,17469.796009988244,12050
EULCS,Misfits,Hans Sama,Varus,18039,17469.796009988244,10725
EULCS,G2 Esports,Zven,Varus,31469,17469.796009988237,17575
EULCS,Splyce,Kobbe,Varus,21647,17469.796009988244,13275
EULCS,H2K,Nuclear,Varus,19622,13921.324046552965,12050
EULCS,Roccat,Hjarnan,Varus,42862,17469.79600998823,17775
EULCS,Roccat,Hjarnan,Varus,15071,17469.796009988244,11575
EULCS,Ninjas in Pyjamas,HeaQ,Varus,8971,13921.324046552962,9900
EULCS,Misfits,Hans Sama,Varus,20590,17469.796009988244,13600
EULCS,Misfits,Hans Sama,Varus,16782,17469.796009988244,13700
EULCS,Splyce,Kobbe,Varus,16727,13921.324046552958,14250
EULCS,Ninjas in Pyjamas,HeaQ,Varus,10672,13921.324046552958,9825
EULCS,Ninjas in Pyjamas,HeaQ,Varus,6798,13921.324046552962,13450
EULCS,Mysterious Monkeys,Yuuki60,Varus,23825,17469.796009988244,15375
EULCS,Roccat,Hjarnan,Varus,11541,13921.324046552962,11500
EULCS,Misfits,Hans Sama,Varus,19757,13921.324046552965,21475
EULCS,G2 Esports,Zven,Varus,20210,17469.796009988244,16175
EULCS,Splyce,Kobbe,Varus,5966,13921.324046552965,6800
EULCS,Misfits,Hans Sama,Varus,19398,17469.796009988244,10350
EULCS,Misfits,Hans Sama,Varus,18594,13921.324046552965,15800
EULCS,Fnatic,Rekkles,Varus,28493,17469.796009988244,15275
EULCS,H2K,Nuclear,Varus,17177,13921.324046552962,14425
EULCS,Misfits,Hans Sama,Varus,20650,17469.796009988244,11875
EULCS,Splyce,Kobbe,Varus,12955,17469.796009988244,13075
EULCS,G2 Esports,Zven,Varus,16269,13921.324046552958,12550
EULCS,G2 Esports,Zven,Varus,15373,17469.796009988244,11375
EULCS,Fnatic,Rekkles,Varus,21935,17469.796009988244,1e4
EULCS,Splyce,Kobbe,Varus,8225,13921.324046552962,10050
EULCS,G2 Esports,Zven,Varus,17586,17469.796009988244,10800
EULCS,Fnatic,Rekkles,Varus,5255,17469.79600998825,9125
EULCS,Mysterious Monkeys,Yuuki60,Varus,13648,13921.324046552965,11500
EULCS,Roccat,Hjarnan,Xayah,20500,20457.428022876607,17800
EULCS,Roccat,Hjarnan,Xayah,16746,16868.35792590423,15475
EULCS,Vitality,Steeelback,Xayah,10612,16868.357925904238,9350
EULCS,Misfits,Hans Sama,Xayah,9708,16868.35792590423,10075
EULCS,Unicorns of Love,Samux,Xayah,19357,16868.35792590423,13e3
EULCS,Unicorns of Love,Samux,Xayah,17727,20457.4280228766,13550
EULCS,G2 Esports,Zven,Xayah,15658,20457.428022876607,8775
EULCS,Misfits,Hans Sama,Xayah,26414,20457.428022876607,15725
EULCS,Splyce,Kobbe,Xayah,11819,20457.428022876607,8750
EULCS,H2K,Nuclear,Xayah,17831,20457.4280228766,12825
EULCS,Roccat,Hjarnan,Xayah,15726,16868.35792590423,14450
EULCS,Unicorns of Love,Samux,Xayah,6252,20457.4280228766,8650
EULCS,Mysterious Monkeys,Yuuki60,Xayah,15829,16868.35792590423,14875
EULCS,Mysterious Monkeys,Yuuki60,Xayah,11139,20457.428022876607,12925
EULCS,Splyce,Kobbe,Xayah,13788,16868.35792590423,15325
EULCS,Misfits,Hans Sama,Xayah,21184,16868.35792590423,14785
EULCS,Mysterious Monkeys,Yuuki60,Xayah,17021,16868.35792590423,15725
EULCS,Vitality,Steeelback,Xayah,16915,16868.35792590423,14e3
EULCS,Unicorns of Love,Samux,Xayah,10995,16868.357925904238,10830
EULCS,Unicorns of Love,Samux,Xayah,24007,20457.428022876607,18525
EULCS,Misfits,Hans Sama,Xayah,20410,16868.35792590423,15930
EULCS,Unicorns of Love,Samux,Xayah,19636,16868.35792590423,12450
EULCS,Unicorns of Love,Samux,Xayah,15275,16868.35792590423,12900
EULCS,Mysterious Monkeys,Yuuki60,Xayah,14639,16868.35792590423,11075
EULCS,Ninjas in Pyjamas,HeaQ,Xayah,6874,16868.35792590423,10500
EULCS,Unicorns of Love,Samux,Xayah,43959,20457.428022876593,18275
EULCS,Mysterious Monkeys,Yuuki60,Xayah,11109,16868.357925904238,10175
EULCS,Roccat,Hjarnan,Xayah,17390,16868.35792590423,13100
EULCS,Mysterious Monkeys,Yuuki60,Xayah,17416,16868.35792590423,10175
EULCS,Unicorns of Love,Samux,Xayah,25432,20457.428022876607,13325
EULCS,Splyce,Kobbe,Xayah,29393,20457.428022876607,14955
EULCS,Splyce,Kobbe,Xayah,26857,20457.428022876607,11650
EULCS,Misfits,Hans Sama,Xayah,18864,16868.35792590423,11850
EULCS,Vitality,Steeelback,Xayah,10122,16868.357925904238,10600
EULCS,H2K,Nuclear,Xayah,12259,20457.428022876607,8875
EULCS,Roccat,Hjarnan,Xayah,26263,16868.35792590423,15400
EULCS,Misfits,Hans Sama,Xayah,9724,16868.357925904238,11100
EULCS,Splyce,Kobbe,Xayah,24003,16868.357925904238,13950
EULCS,Unicorns of Love,Samux,Xayah,12265,20457.428022876607,13525
EULCS,Unicorns of Love,Xerxe,Cho'gath,5391,7092.126412444431,10575
EULCS,H2K,Jankos,Cho'gath,13558,10748.060669146773,11250
EULCS,Vitality,Djoko,Cho'gath,6523,7092.126412444431,9800
EULCS,Fnatic,Broxah,Cho'gath,8615,10748.060669146776,9875
EULCS,Fnatic,Broxah,Cho'gath,7588,10748.060669146773,9175
EULCS,Misfits,Maxlore,Cho'gath,5741,7092.126412444431,8220
EULCS,Ninjas in Pyjamas,Shook,Cho'gath,7640,7092.126412444428,9200
EULCS,Splyce,Trashy,Elise,5896,11931.879873208603,7475
EULCS,Giants,Memento,Elise,7973,10373.28954651092,9825
EULCS,H2K,Jankos,Elise,4837,10373.28954651093,7650
EULCS,Fnatic,Broxah,Elise,18707,10373.28954651093,18295
EULCS,Splyce,Trashy,Elise,15231,11931.87987320859,10400
EULCS,Splyce,Trashy,Elise,12444,10373.28954651092,9450
EULCS,Fnatic,Broxah,Elise,9534,11931.879873208594,13200
EULCS,Fnatic,Broxah,Elise,16716,10373.28954651092,15350
EULCS,Splyce,Trashy,Elise,10130,10373.289546510923,8975
EULCS,Misfits,KaKAO,Elise,7224,11931.87987320859,12775
EULCS,Misfits,KaKAO,Elise,15093,10373.28954651092,8835
EULCS,Splyce,Trashy,Elise,8090,10373.28954651092,12825
EULCS,Splyce,Trashy,Elise,6212,10373.28954651092,6175
EULCS,Fnatic,Broxah,Elise,10814,11931.87987320859,14035
EULCS,Fnatic,Broxah,Elise,6838,11931.87987320859,9025
EULCS,Roccat,Pridestalker,Elise,15225,11931.87987320859,12750
EULCS,Roccat,Pridestalker,Elise,16359,10373.28954651092,11175
EULCS,Vitality,Djoko,Elise,6411,10373.28954651092,8125
EULCS,H2K,Jankos,Elise,10716,11931.87987320859,12850
EULCS,H2K,Jankos,Elise,8401,11931.87987320859,9350
EULCS,Fnatic,Broxah,Elise,9882,11931.879873208594,10575
EULCS,G2 Esports,Trick,Elise,9269,10373.289546510923,8250
EULCS,Mysterious Monkeys,Lamabear,Elise,6349,10373.28954651092,7485
EULCS,Roccat,Pridestalker,Elise,16581,11931.87987320859,14025
EULCS,Misfits,Maxlore,Elise,14702,11931.87987320859,12425
EULCS,Fnatic,Broxah,Elise,17252,11931.87987320859,14400
EULCS,Fnatic,Broxah,Elise,10134,11931.87987320859,12e3
EULCS,Fnatic,Broxah,Elise,14702,11931.87987320859,14600
EULCS,Roccat,Pridestalker,Elise,8448,10373.28954651092,9800
EULCS,Misfits,Maxlore,Elise,13648,10373.28954651092,11625
EULCS,Vitality,Djoko,Elise,5352,11931.879873208607,8325
EULCS,Roccat,Pridestalker,Elise,4910,10373.289546510925,5010
EULCS,Unicorns of Love,Xerxe,Elise,23722,11931.879873208607,13250
EULCS,Roccat,Pridestalker,Elise,16201,11931.879873208598,14375
EULCS,Roccat,Pridestalker,Elise,3990,10373.28954651093,7110
EULCS,Unicorns of Love,Xerxe,Elise,10468,10373.289546510923,8860
EULCS,G2 Esports,Trick,Elise,13346,11931.87987320859,10850
EULCS,Fnatic,Broxah,Elise,7043,11931.87987320859,9150
EULCS,Fnatic,Broxah,Elise,9655,11931.879873208594,9150
EULCS,Misfits,Maxlore,Elise,9073,10373.289546510923,10250
EULCS,Unicorns of Love,Xerxe,Gragas,5605,8501.477720019528,8775
EULCS,G2 Esports,Trick,Gragas,15161,8501.477720019528,13335
EULCS,Unicorns of Love,Xerxe,Gragas,7704,7485.231569580035,10875
EULCS,G2 Esports,Trick,Gragas,6385,7485.231569580033,10775
EULCS,Splyce,Trashy,Gragas,11340,7485.231569580033,10275
EULCS,Splyce,Trashy,Gragas,13672,8501.477720019528,10950
EULCS,Unicorns of Love,Xerxe,Gragas,9362,7485.231569580037,7525
EULCS,Splyce,Trashy,Gragas,10118,8501.47772001953,13075
EULCS,Splyce,Trashy,Gragas,4360,8501.477720019528,8350
EULCS,Mysterious Monkeys,Amazing,Gragas,10082,7485.231569580033,11775
EULCS,Splyce,Trashy,Gragas,7415,7485.231569580035,12270
EULCS,H2K,Jankos,Gragas,8744,8501.477720019528,11495
EULCS,Mysterious Monkeys,Amazing,Gragas,7067,7485.231569580035,9205
EULCS,G2 Esports,Trick,Gragas,11746,8501.47772001953,12175
EULCS,Roccat,Pridestalker,Gragas,6162,7485.231569580035,5975
EULCS,Splyce,Trashy,Gragas,9445,7485.231569580037,11575
EULCS,Misfits,Maxlore,Gragas,10436,8501.47772001953,9050
EULCS,Unicorns of Love,Xerxe,Gragas,11395,8501.47772001953,13550
EULCS,Misfits,Maxlore,Gragas,15029,7485.231569580037,11020
EULCS,Mysterious Monkeys,Amazing,Gragas,10218,8501.47772001953,13575
EULCS,Fnatic,Broxah,Gragas,5859,8501.47772001953,9920
EULCS,Vitality,Djoko,Gragas,9334,7485.231569580037,9725
EULCS,H2K,Jankos,Gragas,9149,7485.231569580037,11095
EULCS,G2 Esports,Trick,Gragas,8462,7485.231569580035,8625
EULCS,G2 Esports,Trick,Gragas,10130,8501.47772001953,10295
EULCS,Mysterious Monkeys,Amazing,Gragas,5237,7485.231569580035,8570
EULCS,Ninjas in Pyjamas,Shook,Gragas,4962,7485.231569580037,8900
EULCS,G2 Esports,Trick,Gragas,8466,7485.231569580035,10750
EULCS,G2 Esports,Trick,Gragas,8118,8501.47772001953,11175
EULCS,Vitality,Djoko,Gragas,10598,8501.47772001953,10325
EULCS,Mysterious Monkeys,Amazing,Gragas,6097,7485.231569580035,8050
EULCS,H2K,Jankos,Gragas,5928,8501.477720019528,8250
EULCS,H2K,Jankos,Gragas,10539,8501.47772001953,13575
EULCS,Roccat,Pridestalker,Gragas,9777,7485.231569580037,10775
EULCS,Unicorns of Love,Xerxe,Gragas,13956,8501.477720019528,9675
EULCS,Unicorns of Love,Xerxe,Gragas,7302,7485.231569580035,8625
EULCS,Unicorns of Love,Xerxe,Gragas,10010,8501.47772001953,9825
EULCS,Splyce,Trashy,Gragas,4451,8501.477720019528,8050
EULCS,G2 Esports,Trick,Gragas,8884,8501.477720019528,9900
EULCS,Fnatic,Broxah,Gragas,4605,8501.477720019528,9825
EULCS,Fnatic,Broxah,Gragas,9291,8501.47772001953,14900
EULCS,Splyce,Trashy,Gragas,10192,7485.231569580033,11150
EULCS,Vitality,Djoko,Graves,8577,9878.753474762372,10995
EULCS,G2 Esports,Trick,Graves,20612,11664.04296561572,12700
EULCS,Roccat,Maxlore,Graves,15494,11664.04296561572,13475
EULCS,Roccat,Maxlore,Graves,6331,11664.04296561572,12100
EULCS,Vitality,Djoko,Graves,4944,11664.04296561572,11450
EULCS,Giants,Memento,Graves,4434,9878.753474762369,7625
EULCS,Giants,Memento,Graves,3423,9878.753474762369,7825
EULCS,Splyce,Trashy,Graves,10366,9878.753474762374,11175
EULCS,H2K,Jankos,Graves,5883,11664.04296561572,11925
EULCS,Giants,Memento,Graves,12928,9878.753474762374,12600
EULCS,G2 Esports,Trick,Graves,17583,11664.04296561572,15250
EULCS,Roccat,Maxlore,Graves,23538,11664.04296561572,13500
EULCS,Roccat,Maxlore,Graves,6847,11664.042965615714,7775
EULCS,H2K,Jankos,Graves,14343,11664.04296561572,15375
EULCS,H2K,Jankos,Graves,9863,11664.04296561572,10675
EULCS,Roccat,Pridestalker,Graves,6830,9878.753474762374,12375
EULCS,Vitality,Djoko,Graves,11027,9878.753474762374,8550
EULCS,Ninjas in Pyjamas,Shook,Graves,14935,9878.753474762378,15350
EULCS,Vitality,Djoko,Graves,10080,9878.753474762374,8625
EULCS,G2 Esports,Trick,Graves,9450,9878.753474762372,11250
EULCS,Misfits,Maxlore,Graves,17509,9878.75347476238,14325
EULCS,H2K,Jankos,Ivern,6950,5937.389742300041,13425
EULCS,Unicorns of Love,Xerxe,Ivern,7018,4365.79395781051,10325
EULCS,Fnatic,Broxah,Ivern,5642,5937.389742300043,14650
EULCS,Splyce,Trashy,Ivern,3705,5937.389742300043,8300
EULCS,Unicorns of Love,Xerxe,Ivern,5940,5937.389742300043,8975
EULCS,H2K,Jankos,Ivern,5787,4365.793957810514,9200
EULCS,Splyce,Trashy,Ivern,4570,5937.389742300043,8075
EULCS,Vitality,Djoko,Ivern,3935,4365.793957810516,9900
EULCS,Ninjas in Pyjamas,Shook,Jarvan IV,6153,6184.869399749482,6250
EULCS,Splyce,Trashy,Jarvan IV,5467,6184.869399749484,6350
EULCS,Splyce,Trashy,Jarvan IV,6295,8902.43510375776,11500
EULCS,Mysterious Monkeys,Amazing,Jarvan IV,3161,6184.869399749487,8250
EULCS,Misfits,Maxlore,Jarvan IV,6527,6184.869399749482,7945
EULCS,Vitality,Djoko,Jarvan IV,5971,6184.869399749482,6325
EULCS,H2K,Jankos,Kha'zix,22531,12410.635700795516,12875
EULCS,Giants,Memento,Kha'zix,29516,12410.635700795532,16200
EULCS,Fnatic,Broxah,Kha'zix,4747,12410.635700795516,8800
EULCS,Fnatic,Broxah,Kha'zix,3689,9909.282746265453,9050
EULCS,Giants,Memento,Kha'zix,6824,9909.28274626545,11050
EULCS,Fnatic,Broxah,Kha'zix,9507,12410.635700795516,1e4
EULCS,Fnatic,Broxah,Kha'zix,16058,9909.282746265453,12550
EULCS,Misfits,Maxlore,Kha'zix,7636,9909.282746265453,11175
EULCS,G2 Esports,Loulex,Kha'zix,11633,12410.635700795512,12435
EULCS,G2 Esports,Loulex,Kha'zix,15096,12410.635700795516,15125
EULCS,Mysterious Monkeys,Lamabear,Kha'zix,12895,9909.282746265453,11500
EULCS,Mysterious Monkeys,Lamabear,Kha'zix,6645,9909.28274626545,6450
EULCS,Ninjas in Pyjamas,Shook,Kha'zix,9306,9909.282746265453,8875
EULCS,Ninjas in Pyjamas,Shook,Kha'zix,5760,9909.282746265453,8150
EULCS,Vitality,Djoko,Kha'zix,11687,9909.282746265453,11400
EULCS,Roccat,Pridestalker,Kha'zix,10843,12410.635700795516,10925
EULCS,Roccat,Pridestalker,Kha'zix,9055,9909.282746265453,9600
EULCS,Roccat,Pridestalker,Kha'zix,6834,9909.28274626545,7100
EULCS,G2 Esports,Trick,Kha'zix,9748,12410.635700795516,11750
EULCS,Mysterious Monkeys,Lamabear,Kha'zix,11900,9909.282746265453,9775
EULCS,Mysterious Monkeys,Lamabear,Kha'zix,9909,9909.282746265455,8475
EULCS,H2K,Jankos,Kha'zix,8144,9909.282746265453,8100
EULCS,Vitality,Djoko,Kha'zix,5342,12410.635700795516,8075
EULCS,Vitality,Djoko,Kha'zix,6592,12410.63570079551,10360
EULCS,Fnatic,Broxah,Kha'zix,8591,12410.63570079551,13675
EULCS,Fnatic,Broxah,Kha'zix,3707,9909.282746265453,8950
EULCS,G2 Esports,Trick,Kha'zix,11787,12410.635700795512,8375
EULCS,Ninjas in Pyjamas,Shook,Kha'zix,7969,9909.282746265453,7600
EULCS,Roccat,Pridestalker,Kha'zix,11618,12410.635700795512,11150
EULCS,H2K,Jankos,Kha'zix,9417,12410.635700795516,8550
EULCS,Fnatic,Broxah,Kha'zix,4429,12410.635700795516,9750
EULCS,Vitality,Djoko,Kha'zix,18104,12410.63570079551,14525
EULCS,G2 Esports,Trick,Kha'zix,16232,12410.635700795512,10575
EULCS,Fnatic,Broxah,Kha'zix,12373,12410.635700795516,12900
EULCS,H2K,Jankos,Kha'zix,16988,12410.63570079551,12425
EULCS,Misfits,Maxlore,Kha'zix,11552,9909.282746265453,16225
EULCS,G2 Esports,Trick,Kha'zix,16673,12410.63570079551,10800
EULCS,Unicorns of Love,Xerxe,Kha'zix,10524,9909.282746265453,11850
EULCS,Unicorns of Love,Xerxe,Kha'zix,12701,12410.635700795516,10900
EULCS,Ninjas in Pyjamas,Shook,Kha'zix,12903,12410.635700795512,12100
EULCS,Ninjas in Pyjamas,Shook,Kha'zix,2711,9909.282746265453,6300
EULCS,Splyce,Trashy,Kha'zix,5780,9909.282746265453,6150
EULCS,Roccat,Pridestalker,Kha'zix,13386,9909.282746265453,14805
EULCS,Fnatic,Broxah,Kha'zix,21442,12410.635700795516,13650
EULCS,Roccat,Pridestalker,Kha'zix,17195,12410.63570079551,11750
EULCS,G2 Esports,Trick,Kha'zix,12848,12410.635700795516,13425
EULCS,Splyce,Trashy,Kha'zix,9763,12410.635700795516,10750
EULCS,Roccat,Pridestalker,Kha'zix,8150,9909.282746265453,9050
EULCS,Roccat,Pridestalker,Kha'zix,10511,9909.282746265453,12775
EULCS,Vitality,Djoko,Lee Sin,1304,6766.523270665091,5850
EULCS,G2 Esports,Trick,Lee Sin,14594,8874.233415006327,13275
EULCS,Origen,Cinkrof,Lee Sin,8886,6766.523270665097,8450
EULCS,Vitality,Djoko,Lee Sin,13238,6766.523270665097,13270
EULCS,Fnatic,Broxah,Lee Sin,5621,8874.233415006325,8125
EULCS,Origen,Cinkrof,Lee Sin,6876,6766.523270665094,10425
EULCS,Misfits,KaKAO,Lee Sin,9146,8874.233415006327,13225
EULCS,G2 Esports,Trick,Lee Sin,3962,6766.523270665097,7500
EULCS,Splyce,Trashy,Lee Sin,5772,6766.523270665097,7350
EULCS,H2K,Jankos,Lee Sin,16561,8874.233415006322,13125
EULCS,Fnatic,Broxah,Lee Sin,2980,6766.523270665091,10250
EULCS,Fnatic,Broxah,Lee Sin,5459,8874.233415006325,8975
EULCS,Fnatic,Broxah,Lee Sin,6664,8874.233415006322,10025
EULCS,G2 Esports,Trick,Lee Sin,13589,8874.233415006327,12750
EULCS,Misfits,Maxlore,Lee Sin,3595,6766.523270665097,5925
EULCS,G2 Esports,Loulex,Lee Sin,4376,6766.523270665097,12075
EULCS,Ninjas in Pyjamas,Shook,Lee Sin,8573,6766.523270665097,13865
EULCS,Misfits,Maxlore,Lee Sin,11811,8874.233415006325,14e3
EULCS,Fnatic,Broxah,Lee Sin,5407,8874.233415006325,9650
EULCS,Splyce,Trashy,Lee Sin,10879,8874.233415006325,11095
EULCS,Mysterious Monkeys,Lamabear,Lee Sin,11600,6766.523270665094,12475
EULCS,Misfits,Maxlore,Lee Sin,4766,6766.523270665099,9275
EULCS,Misfits,Maxlore,Lee Sin,6225,8874.233415006322,9900
EULCS,Ninjas in Pyjamas,Shook,Lee Sin,5433,6766.523270665097,10150
EULCS,Splyce,Trashy,Lee Sin,9317,8874.233415006327,11375
EULCS,Splyce,Trashy,Lee Sin,2659,8874.233415006322,8525
EULCS,Mysterious Monkeys,Lamabear,Lee Sin,7252,6766.523270665094,8550
EULCS,Mysterious Monkeys,Lamabear,Lee Sin,4973,6766.523270665099,9350
EULCS,Fnatic,Broxah,Lee Sin,14060,6766.523270665097,16050
EULCS,Misfits,Maxlore,Lee Sin,8473,8874.233415006325,11250
EULCS,Misfits,Maxlore,Lee Sin,5485,6766.523270665097,6400
EULCS,Misfits,Maxlore,Lee Sin,6669,8874.233415006322,12600
EULCS,Roccat,Pridestalker,Lee Sin,7400,8874.233415006322,11950
EULCS,Ninjas in Pyjamas,Shook,Lee Sin,5649,6766.523270665097,8450
EULCS,H2K,Jankos,Lee Sin,6197,8874.233415006322,10775
EULCS,Fnatic,Broxah,Lee Sin,8134,8874.233415006327,10675
EULCS,H2K,Jankos,Lee Sin,3347,6766.523270665097,8475
EULCS,Misfits,Maxlore,Lee Sin,10396,6766.523270665091,17525
EULCS,Roccat,Pridestalker,Lee Sin,6470,6766.523270665094,11075
EULCS,Roccat,Pridestalker,Lee Sin,3094,6766.523270665091,6150
EULCS,G2 Esports,Trick,Lee Sin,2352,6766.523270665097,7475
EULCS,Ninjas in Pyjamas,Shook,Lee Sin,4207,6766.523270665097,11375
EULCS,Ninjas in Pyjamas,Shook,Lee Sin,8392,6766.523270665097,10175
EULCS,H2K,Jankos,Lee Sin,7507,8874.233415006322,7625
EULCS,Mysterious Monkeys,Amazing,Lee Sin,11366,6766.523270665094,13350
EULCS,Ninjas in Pyjamas,Shook,Lee Sin,6215,6766.523270665094,8475
EULCS,Misfits,Maxlore,Maokai,8910,9785.417643900944,9225
EULCS,Vitality,Djoko,Maokai,11751,9785.417643900944,10975
EULCS,Vitality,Djoko,Maokai,11787,8728.349288215883,7800
EULCS,Unicorns of Love,Xerxe,Maokai,22989,9785.417643900944,14925
EULCS,Misfits,Maxlore,Maokai,4850,9785.41764390095,8595
EULCS,Misfits,Maxlore,Maokai,15430,8728.349288215888,12600
EULCS,Splyce,Trashy,Maokai,14097,8728.349288215886,11370
EULCS,Misfits,Maxlore,Maokai,8400,8728.349288215886,9450
EULCS,Ninjas in Pyjamas,Shook,Maokai,10415,9785.417643900946,11050
EULCS,Mysterious Monkeys,Amazing,Maokai,16233,8728.349288215893,9850
EULCS,Mysterious Monkeys,Amazing,Maokai,12662,9785.417643900944,10825
EULCS,Mysterious Monkeys,Amazing,Maokai,9142,8728.349288215886,10525
EULCS,Mysterious Monkeys,Amazing,Maokai,8083,8728.349288215886,10345
EULCS,Misfits,Maxlore,Maokai,15074,8728.349288215883,10250
EULCS,Vitality,Djoko,Maokai,8335,8728.349288215886,9050
EULCS,Ninjas in Pyjamas,Shook,Maokai,5153,8728.349288215888,8225
EULCS,G2 Esports,Trick,Nidalee,5411,7707.7023706091195,8775
EULCS,Unicorns of Love,Xerxe,Nidalee,11540,16150.649351155267,11350
EULCS,Vitality,Djoko,Olaf,8781,9635.287800418486,10975
EULCS,Ninjas in Pyjamas,Shook,Olaf,9822,9635.287800418486,12025
EULCS,Vitality,Djoko,Olaf,11962,10501.292447147849,10625
EULCS,Vitality,Djoko,Olaf,8421,10501.292447147845,11520
EULCS,Vitality,Djoko,Olaf,6491,9635.28780041848,10700
EULCS,Origen,Cinkrof,Rek'Sai,9943,6980.771962463328,10050
EULCS,Splyce,Trashy,Rek'Sai,8288,6980.771962463328,12415
EULCS,Unicorns of Love,Xerxe,Rek'Sai,9406,6980.771962463331,9225
EULCS,Unicorns of Love,Xerxe,Rek'Sai,3955,8345.399449751825,10975
EULCS,Mysterious Monkeys,Amazing,Rek'Sai,7515,6980.771962463328,12445
EULCS,Ninjas in Pyjamas,Shook,Rek'Sai,7226,6980.771962463328,8750
EULCS,Mysterious Monkeys,Amazing,Rek'Sai,6386,8345.399449751818,11225
EULCS,Ninjas in Pyjamas,Shook,Rek'Sai,10206,6980.771962463328,11800
EULCS,Splyce,Trashy,Rek'Sai,6850,6980.771962463328,11550
EULCS,Vitality,Djoko,Rek'Sai,9101,8345.399449751823,10165
EULCS,H2K,Jankos,Rek'Sai,7304,8345.399449751823,14900
EULCS,Mysterious Monkeys,Amazing,Rek'Sai,8040,6980.771962463328,12325
EULCS,Ninjas in Pyjamas,Shook,Rek'Sai,5882,8345.399449751823,10600
EULCS,Ninjas in Pyjamas,Shook,Rek'Sai,5699,6980.771962463328,9125
EULCS,Ninjas in Pyjamas,Shook,Rek'Sai,6055,6980.771962463328,9300
EULCS,Mysterious Monkeys,Amazing,Rek'Sai,1228,8345.399449751823,8100
EULCS,Misfits,Maxlore,Rek'Sai,4306,8345.399449751823,12500
EULCS,Splyce,Trashy,Rengar,4397,9873.16546516356,10750
EULCS,Giants,Memento,Rengar,7291,6724.801364637061,11450
EULCS,Misfits,KaKAO,Rengar,9428,6724.801364637059,11600
EULCS,Misfits,KaKAO,Rengar,6962,6724.801364637059,10475
EULCS,Origen,Cinkrof,Rengar,4285,6724.801364637059,6600
EULCS,Vitality,Djoko,Rengar,9897,6724.801364637056,10945
EULCS,Unicorns of Love,Xerxe,Rengar,14982,9873.165465163553,11075
EULCS,Unicorns of Love,Xerxe,Rengar,7421,9873.16546516355,12750
EULCS,G2 Esports,Trick,Rengar,10403,6724.801364637056,11625
EULCS,G2 Esports,Trick,Rengar,4663,9873.165465163556,10575
EULCS,G2 Esports,Trick,Rengar,17576,9873.165465163542,16475
EULCS,H2K,Jankos,Rengar,10679,9873.165465163553,11945
EULCS,Misfits,KaKAO,Rengar,8890,9873.16546516355,12950
EULCS,Roccat,Maxlore,Rengar,7988,6724.801364637061,11695
EULCS,G2 Esports,Trick,Rengar,9014,6724.801364637059,12275
EULCS,H2K,Jankos,Rengar,19278,9873.165465163542,11350
EULCS,Misfits,KaKAO,Rengar,2485,6724.801364637064,6225
EULCS,Unicorns of Love,Xerxe,Rengar,14017,9873.165465163553,10750
EULCS,Misfits,Maxlore,Rengar,8431,9873.16546516355,7425
EULCS,G2 Esports,Trick,Sejuani,7879,8752.866997431242,12700
EULCS,G2 Esports,Trick,Sejuani,7114,8752.866997431242,7975
EULCS,Vitality,Djoko,Sejuani,5495,6236.273491573744,7950
EULCS,Unicorns of Love,Xerxe,Sejuani,7054,8752.866997431242,8300
EULCS,Unicorns of Love,Xerxe,Sejuani,10181,6236.273491573744,10900
EULCS,H2K,Jankos,Sejuani,4360,6236.273491573746,7750
EULCS,Mysterious Monkeys,Amazing,Sejuani,7581,6236.273491573746,8725
EULCS,Splyce,Trashy,Sejuani,5668,8752.866997431243,9800
EULCS,G2 Esports,Trick,Sejuani,9798,8752.866997431243,9300
EULCS,Fnatic,Broxah,Sejuani,13872,6236.27349157375,15400
EULCS,Unicorns of Love,Xerxe,Sejuani,5246,6236.273491573744,7200
EULCS,Splyce,Trashy,Sejuani,2801,6236.273491573746,8275
EULCS,Splyce,Trashy,Sejuani,7440,8752.866997431242,12275
EULCS,Splyce,Trashy,Sejuani,8986,8752.866997431238,10925
EULCS,Mysterious Monkeys,Amazing,Sejuani,6487,6236.273491573744,9500
EULCS,Vitality,Djoko,Sejuani,4932,8752.866997431242,9150
EULCS,Misfits,Maxlore,Sejuani,6471,6236.273491573741,7500
EULCS,Ninjas in Pyjamas,Shook,Sejuani,8770,8752.866997431238,10575
EULCS,G2 Esports,Trick,Sejuani,7014,8752.866997431242,12570
EULCS,Splyce,Trashy,Sejuani,1780,6236.273491573746,8145
EULCS,G2 Esports,Trick,Zac,4724,7370.8734163355975,9075
EULCS,Unicorns of Love,Xerxe,Zac,10149,6683.439528921789,8525
EULCS,Misfits,Maxlore,Zac,4702,6683.439528921789,8720
EULCS,Misfits,Maxlore,Zac,4612,6683.439528921789,7725
EULCS,Ninjas in Pyjamas,Shook,Zac,9443,7370.8734163355975,12850
EULCS,H2K,Jankos,Zac,6918,6683.439528921787,13275
EULCS,Misfits,Maxlore,Zac,4797,6683.439528921789,9750
EULCS,H2K,Jankos,Zac,13888,6683.439528921792,10425
EULCS,H2K,Jankos,Zac,6741,6683.439528921789,8325
EULCS,Misfits,Maxlore,Zac,6678,6683.439528921792,9950
EULCS,G2 Esports,Trick,Zac,8271,6683.439528921787,9495
EULCS,H2K,Jankos,Zac,3118,6683.439528921789,8875
EULCS,H2K,Jankos,Zac,6140,6683.439528921792,7250
EULCS,Misfits,PowerOfEvil,Ahri,24205,18112.179610740597,15175
EULCS,Misfits,PowerOfEvil,Ahri,6271,16310.138859277455,8175
EULCS,G2 Esports,Perkz,Cassiopeia,21561,18900.29582953242,14450
EULCS,Mysterious Monkeys,CozQ,Cassiopeia,7446,14533.408242589538,8310
EULCS,Fnatic,Caps,Cassiopeia,24867,18900.295829532428,10400
EULCS,Misfits,PowerOfEvil,Cassiopeia,24364,18900.295829532428,14600
EULCS,Mysterious Monkeys,CozQ,Cassiopeia,13202,14533.408242589532,9750
EULCS,Fnatic,Caps,Cassiopeia,8458,14533.408242589538,11910
EULCS,Misfits,PowerOfEvil,Cassiopeia,9517,14533.408242589538,7885
EULCS,Mysterious Monkeys,CozQ,Cassiopeia,18116,18900.29582953242,14875
EULCS,Splyce,Sencux,Cassiopeia,15728,14533.408242589532,14050
EULCS,Ninjas in Pyjamas,Nagne,Cassiopeia,15605,14533.408242589532,13850
EULCS,Mysterious Monkeys,CozQ,Cassiopeia,27716,18900.295829532428,17685
EULCS,G2 Esports,Perkz,Cassiopeia,23507,18900.295829532428,10500
EULCS,Fnatic,Caps,Cassiopeia,19966,18900.29582953242,11025
EULCS,Ninjas in Pyjamas,Nagne,Cassiopeia,15558,14533.408242589532,10860
EULCS,Misfits,PowerOfEvil,Cassiopeia,7895,14533.408242589541,10825
EULCS,Mysterious Monkeys,CozQ,Cassiopeia,15444,18900.29582953242,12575
EULCS,H2K,Febiven,Cassiopeia,13792,18900.295829532428,8825
EULCS,Fnatic,Caps,Corki,16008,25564.54313498321,12358
EULCS,Fnatic,Caps,Corki,19889,25564.54313498318,11358
EULCS,Misfits,PowerOfEvil,Corki,25831,25564.54313498318,16783
EULCS,Misfits,PowerOfEvil,Corki,48678,21587.782042679086,26218
EULCS,Splyce,Sencux,Corki,12726,25564.54313498321,9983
EULCS,Ninjas in Pyjamas,Nagne,Corki,23368,21587.782042679093,15958
EULCS,Ninjas in Pyjamas,Nagne,Corki,14669,21587.782042679104,10558
EULCS,Fnatic,Caps,Corki,30581,25564.543134983192,15783
EULCS,Fnatic,Caps,Corki,39781,25564.54313498321,17933
EULCS,Roccat,Betsy,Corki,17163,21587.782042679093,12183
EULCS,Vitality,Nukeduck,Corki,26869,25564.54313498318,14933
EULCS,H2K,Febiven,Corki,26940,25564.54313498318,14258
EULCS,Ninjas in Pyjamas,Nagne,Corki,17866,25564.54313498318,14433
EULCS,Ninjas in Pyjamas,Nagne,Corki,15581,21587.782042679104,12008
EULCS,Unicorns of Love,Exileh,Corki,26767,25564.54313498318,14583
EULCS,Vitality,Nukeduck,Corki,19406,25564.54313498318,12608
EULCS,Roccat,Betsy,Corki,9847,21587.78204267911,8383
EULCS,H2K,Febiven,Corki,13434,25564.54313498321,7833
EULCS,Splyce,Sencux,Corki,32464,21587.78204267911,15193
EULCS,Unicorns of Love,Exileh,Corki,35607,25564.54313498318,16458
EULCS,Mysterious Monkeys,CozQ,Corki,50528,21587.782042679086,18458
EULCS,Mysterious Monkeys,CozQ,Corki,9298,25564.54313498318,12058
EULCS,Vitality,Nukeduck,Corki,30305,21587.782042679104,13933
EULCS,Unicorns of Love,Exileh,Corki,12590,25564.54313498321,9058
EULCS,Unicorns of Love,Exileh,Corki,25450,21587.782042679104,14058
EULCS,Vitality,Nukeduck,Corki,12939,21587.78204267912,9508
EULCS,Unicorns of Love,Exileh,Corki,16929,21587.782042679093,9283
EULCS,Vitality,Nukeduck,Corki,39441,25564.54313498321,14308
EULCS,Mysterious Monkeys,CozQ,Corki,11733,21587.78204267911,9658
EULCS,Unicorns of Love,Exileh,Corki,21205,21587.782042679093,11883
EULCS,Giants,NighT,Ekko,18133,11233.43192907476,13610
EULCS,Vitality,Nukeduck,Ekko,18041,21009.004721237958,12600
EULCS,Fnatic,Caps,Ekko,18251,21009.004721237958,14725
EULCS,Fnatic,Caps,Ekko,7058,11233.43192907476,8925
EULCS,Vitality,Nukeduck,Ekko,10328,11233.43192907477,8975
EULCS,Vitality,Nukeduck,Ekko,7486,11233.431929074759,8585
EULCS,Ninjas in Pyjamas,Nagne,Galio,9126,12152.036952003373,9595
EULCS,Ninjas in Pyjamas,Nagne,Galio,10089,12152.036952003375,8720
EULCS,Splyce,Sencux,Galio,11313,12157.42462368537,11850
EULCS,G2 Esports,Perkz,Galio,7655,12157.42462368537,8025
EULCS,G2 Esports,Perkz,Galio,12449,12152.036952003373,12025
EULCS,Unicorns of Love,Exileh,Galio,15474,12152.036952003375,12250
EULCS,Unicorns of Love,Exileh,Galio,7453,12152.036952003373,8595
EULCS,Ninjas in Pyjamas,Nagne,Galio,5968,12152.036952003382,9270
EULCS,G2 Esports,Perkz,Galio,15428,12157.424623685374,11975
EULCS,Unicorns of Love,Exileh,Galio,10895,12152.036952003375,11050
EULCS,Ninjas in Pyjamas,Nagne,Galio,8745,12152.036952003373,9200
EULCS,Unicorns of Love,Exileh,Galio,10882,12152.036952003375,9410
EULCS,Fnatic,Caps,Galio,12416,12157.42462368537,8750
EULCS,Splyce,Sencux,Galio,19634,12152.036952003373,11875
EULCS,Roccat,Betsy,Galio,19839,12152.036952003373,10350
EULCS,Misfits,PowerOfEvil,Galio,23921,12152.036952003378,9145
EULCS,Origen,Naehyun,Jayce,15832,19730.437124283806,8700
EULCS,G2 Esports,Perkz,Jayce,21857,19730.437124283806,14725
EULCS,Vitality,Nukeduck,Jayce,23567,19730.437124283813,10050
EULCS,Vitality,Nukeduck,Jayce,21548,19922.552260890552,10300
EULCS,G2 Esports,Perkz,Jayce,24625,19922.552260890552,11950
EULCS,H2K,Febiven,Jayce,13972,19922.552260890563,10950
EULCS,Misfits,PowerOfEvil,Karma,24913,15240.159342581615,13525
EULCS,G2 Esports,Blanc,Karma,12654,15240.159342581615,13375
EULCS,Splyce,Sencux,Kassadin,17707,19491.974553035354,11900
EULCS,Roccat,Betsy,Kassadin,17468,19491.974553035354,12825
EULCS,Unicorns of Love,Exileh,Kassadin,17396,19491.974553035354,10975
EULCS,Splyce,Sencux,Kassadin,25741,19491.97455303536,11550
EULCS,Unicorns of Love,Exileh,Kassadin,16604,19491.974553035354,11575
EULCS,Splyce,Sencux,Kassadin,20695,16640.18428014351,15025
EULCS,Unicorns of Love,Exileh,Kassadin,19353,19491.974553035354,12350
EULCS,H2K,Febiven,Kassadin,18887,16640.18428014351,13870
EULCS,G2 Esports,Perkz,Kassadin,12636,19491.97455303536,10700
EULCS,Fnatic,Caps,LeBlanc,13402,21364.405314093743,9650
EULCS,Unicorns of Love,Exileh,LeBlanc,24940,18642.559940125466,11810
EULCS,Fnatic,Caps,LeBlanc,23819,18642.55994012546,16525
EULCS,H2K,Febiven,LeBlanc,23908,21364.405314093743,13775
EULCS,Unicorns of Love,Exileh,LeBlanc,16769,21364.405314093743,9260
EULCS,Unicorns of Love,Exileh,LeBlanc,16343,21364.405314093743,10775
EULCS,G2 Esports,Perkz,LeBlanc,15024,18642.55994012546,9555
EULCS,Fnatic,Caps,LeBlanc,14220,18642.55994012546,12150
EULCS,Fnatic,Caps,LeBlanc,12915,21364.405314093754,9250
EULCS,Fnatic,Caps,LeBlanc,27104,18642.559940125466,13085
EULCS,Unicorns of Love,Exileh,LeBlanc,17075,21364.405314093743,10810
EULCS,Mysterious Monkeys,CozQ,LeBlanc,15967,18642.55994012546,11735
EULCS,Misfits,PowerOfEvil,LeBlanc,21600,21364.405314093743,9950
EULCS,G2 Esports,Perkz,LeBlanc,20952,21364.405314093743,12950
EULCS,Vitality,Nukeduck,LeBlanc,25950,21364.405314093743,11325
EULCS,Fnatic,Caps,LeBlanc,30707,18642.559940125477,18650
EULCS,Vitality,Nukeduck,LeBlanc,18743,18642.55994012546,12400
EULCS,H2K,Febiven,LeBlanc,18123,21364.405314093743,9625
EULCS,Misfits,PowerOfEvil,LeBlanc,21951,18642.55994012546,19700
EULCS,Mysterious Monkeys,CozQ,LeBlanc,17224,18642.55994012546,11450
EULCS,Ninjas in Pyjamas,Nagne,LeBlanc,9758,21364.40531409376,14575
EULCS,G2 Esports,Perkz,LeBlanc,17763,21364.405314093743,10550
EULCS,Roccat,Betsy,LeBlanc,33761,18642.559940125466,17350
EULCS,G2 Esports,Perkz,LeBlanc,27410,21364.405314093743,10975
EULCS,Unicorns of Love,Exileh,LeBlanc,18840,21364.405314093743,14850
EULCS,Unicorns of Love,Exileh,LeBlanc,13486,21364.405314093743,13005
EULCS,G2 Esports,Perkz,Lucian,18528,15019.387349134193,11900
EULCS,Splyce,Sencux,Lucian,11831,15019.387349134196,8150
EULCS,Roccat,Betsy,Lucian,10320,15019.387349134193,12550
EULCS,H2K,Febiven,Lucian,25586,21292.659777558056,13650
EULCS,G2 Esports,Perkz,Lucian,12313,15019.387349134196,9500
EULCS,G2 Esports,Perkz,Lucian,21174,21292.659777558056,18125
EULCS,H2K,Febiven,Lucian,39798,21292.659777558056,15425
EULCS,Vitality,Nukeduck,Lucian,17445,15019.387349134193,12325
EULCS,Splyce,Sencux,Lucian,16975,21292.659777558056,17675
EULCS,G2 Esports,Perkz,Lucian,10653,15019.387349134196,9450
EULCS,G2 Esports,Perkz,Lucian,14866,21292.659777558063,10425
EULCS,Misfits,PowerOfEvil,Lucian,23840,15019.387349134196,14375
EULCS,Vitality,Nukeduck,Lucian,15518,21292.659777558063,12050
EULCS,Vitality,Nukeduck,Lucian,13499,15019.387349134193,9880
EULCS,Vitality,Nukeduck,Lucian,10946,15019.387349134196,10925
EULCS,Splyce,Sencux,Malzahar,22598,23382.254530217757,10775
EULCS,Splyce,Sencux,Orianna,11497,19371.09001741807,8e3
EULCS,Origen,Naehyun,Orianna,7151,15321.459759527503,8100
EULCS,Vitality,Nukeduck,Orianna,13176,15321.459759527488,12100
EULCS,Vitality,Nukeduck,Orianna,22203,15321.459759527484,16185
EULCS,Splyce,Sencux,Orianna,20886,15321.459759527488,12850
EULCS,H2K,Febiven,Orianna,9297,19371.09001741808,13e3
EULCS,Misfits,PowerOfEvil,Orianna,23356,19371.090017418064,17175
EULCS,H2K,Febiven,Orianna,13581,19371.09001741807,11425
EULCS,Fnatic,Caps,Orianna,18566,19371.09001741807,12250
EULCS,Splyce,Sencux,Orianna,21743,15321.459759527488,15825
EULCS,H2K,Febiven,Orianna,16745,19371.090017418064,10250
EULCS,Fnatic,Caps,Orianna,13616,19371.09001741807,8645
EULCS,G2 Esports,Blanc,Orianna,25276,19371.090017418064,15010
EULCS,Vitality,Nukeduck,Orianna,10757,15321.459759527484,7835
EULCS,Misfits,PowerOfEvil,Orianna,18864,19371.09001741807,19225
EULCS,Mysterious Monkeys,CozQ,Orianna,9610,15321.459759527484,7135
EULCS,Ninjas in Pyjamas,Nagne,Orianna,15459,15321.459759527492,13300
EULCS,Mysterious Monkeys,CozQ,Orianna,10341,15321.459759527484,9435
EULCS,Roccat,Betsy,Orianna,11842,15321.459759527484,13950
EULCS,Misfits,PowerOfEvil,Orianna,13931,19371.09001741807,13060
EULCS,Roccat,Betsy,Orianna,14009,19371.09001741807,11925
EULCS,H2K,Febiven,Orianna,16513,19371.090017418064,13660
EULCS,Vitality,Nukeduck,Orianna,43962,19371.090017418057,21670
EULCS,Misfits,PowerOfEvil,Orianna,26163,19371.090017418064,16475
EULCS,Roccat,Betsy,Orianna,8321,15321.459759527499,7350
EULCS,H2K,Febiven,Orianna,20193,19371.09001741807,17825
EULCS,Mysterious Monkeys,CozQ,Orianna,15657,19371.090017418064,14500
EULCS,H2K,Febiven,Orianna,13693,19371.09001741807,19650
EULCS,G2 Esports,Perkz,Orianna,27386,19371.090017418064,15275
EULCS,Vitality,Nukeduck,Orianna,8724,15321.459759527484,14700
EULCS,Roccat,Betsy,Orianna,5936,15321.459759527503,6525
EULCS,G2 Esports,Perkz,Orianna,32885,19371.090017418064,15800
EULCS,Misfits,PowerOfEvil,Orianna,21024,19371.09001741807,12260
EULCS,Misfits,PowerOfEvil,Orianna,33395,19371.090017418064,12950
EULCS,Ninjas in Pyjamas,Nagne,Orianna,14939,15321.459759527492,10875
EULCS,Vitality,Nukeduck,Orianna,26108,19371.090017418064,15325
EULCS,Fnatic,Caps,Orianna,41590,15321.459759527474,17800
EULCS,Misfits,PowerOfEvil,Orianna,12222,19371.090017418064,11025
EULCS,Splyce,Sencux,Orianna,18517,19371.09001741807,13075
EULCS,Ninjas in Pyjamas,Nagne,Orianna,10292,15321.459759527484,7800
EULCS,Splyce,Sencux,Orianna,13540,15321.459759527492,8510
EULCS,H2K,Febiven,Orianna,32994,19371.090017418064,16700
EULCS,Fnatic,Caps,Orianna,19747,19371.09001741807,12135
EULCS,Ninjas in Pyjamas,Nagne,Orianna,26178,19371.090017418064,12450
EULCS,Mysterious Monkeys,CozQ,Orianna,22778,15321.459759527484,12300
EULCS,Mysterious Monkeys,CozQ,Orianna,8137,15321.459759527503,9210
EULCS,G2 Esports,Perkz,Orianna,24347,19371.09001741807,16e3
EULCS,H2K,Febiven,Orianna,26971,19371.090017418064,12625
EULCS,Fnatic,Caps,Orianna,18469,19371.09001741807,13700
EULCS,Misfits,PowerOfEvil,Orianna,20789,19371.09001741807,16475
EULCS,Misfits,PowerOfEvil,Orianna,7912,15321.459759527503,11075
EULCS,Misfits,PowerOfEvil,Orianna,11537,19371.09001741808,9625
EULCS,H2K,Febiven,Syndra,20235,21311.65052042284,12175
EULCS,H2K,Febiven,Syndra,6220,15644.32631962087,9475
EULCS,H2K,Febiven,Syndra,18702,21311.65052042284,16850
EULCS,G2 Esports,Perkz,Syndra,28455,15644.32631962087,15200
EULCS,G2 Esports,Perkz,Syndra,20621,21311.65052042284,12425
EULCS,G2 Esports,Perkz,Syndra,41219,21311.650520422834,18300
EULCS,G2 Esports,Perkz,Syndra,24747,21311.65052042285,16445
EULCS,Misfits,PowerOfEvil,Syndra,8933,15644.326319620863,7575
EULCS,Misfits,PowerOfEvil,Syndra,21821,15644.326319620863,15075
EULCS,Roccat,Betsy,Syndra,15037,21311.65052042284,14430
EULCS,Roccat,Betsy,Syndra,20112,15644.326319620866,14810
EULCS,Unicorns of Love,Exileh,Syndra,24220,21311.65052042284,11810
EULCS,Fnatic,Caps,Syndra,26335,21311.65052042284,14850
EULCS,Fnatic,Caps,Syndra,37193,21311.65052042284,19225
EULCS,Splyce,Sencux,Syndra,14349,21311.65052042284,11925
EULCS,Unicorns of Love,Exileh,Syndra,25141,21311.65052042285,14485
EULCS,Mysterious Monkeys,CozQ,Syndra,16163,15644.32631962087,11395
EULCS,H2K,Febiven,Syndra,13160,15644.32631962087,8585
EULCS,H2K,Febiven,Syndra,28264,15644.32631962087,9075
EULCS,Vitality,Nukeduck,Syndra,18708,21311.65052042284,13e3
EULCS,Fnatic,Caps,Syndra,17125,21311.650520422834,16850
EULCS,Roccat,Betsy,Syndra,23875,21311.65052042284,18800
EULCS,G2 Esports,Perkz,Syndra,6815,15644.32631962087,10875
EULCS,H2K,Febiven,Syndra,10863,15644.326319620866,9625
EULCS,Roccat,Betsy,Syndra,16984,21311.65052042284,16900
EULCS,Roccat,Betsy,Syndra,30022,15644.32631962087,14625
EULCS,Mysterious Monkeys,CozQ,Syndra,19365,15644.32631962087,13e3
EULCS,Fnatic,Caps,Syndra,33371,21311.65052042284,16635
EULCS,H2K,Febiven,Syndra,20811,21311.65052042285,12835
EULCS,Ninjas in Pyjamas,Nagne,Syndra,16498,15644.326319620866,12660
EULCS,Roccat,Betsy,Syndra,15848,15644.32631962087,10950
EULCS,H2K,Febiven,Syndra,16064,21311.650520422834,12750
EULCS,Misfits,PowerOfEvil,Syndra,44571,15644.326319620879,19100
EULCS,Misfits,PowerOfEvil,Syndra,38242,15644.326319620879,13470
EULCS,Roccat,Betsy,Syndra,8680,15644.326319620863,10775
EULCS,Fnatic,Caps,Syndra,25960,21311.65052042284,12775
EULCS,Roccat,Betsy,Syndra,20304,21311.65052042284,14125
EULCS,Roccat,Betsy,Syndra,14814,15644.32631962087,8100
EULCS,Roccat,Betsy,Syndra,22774,21311.65052042284,12600
EULCS,H2K,Febiven,Syndra,22724,21311.65052042284,13025
EULCS,Misfits,PowerOfEvil,Syndra,23557,21311.65052042285,12925
EULCS,Mysterious Monkeys,CozQ,Syndra,9177,15644.326319620866,10575
EULCS,Splyce,Sencux,Syndra,18160,21311.65052042284,12775
EULCS,Splyce,Sencux,Syndra,14873,21311.65052042284,12800
EULCS,G2 Esports,Perkz,Syndra,16729,21311.650520422834,11775
EULCS,G2 Esports,Perkz,Syndra,23897,21311.65052042284,12950
EULCS,Splyce,Sencux,Syndra,4216,15644.326319620874,9785
EULCS,Splyce,Sencux,Syndra,22731,21311.65052042284,13050
EULCS,Misfits,PowerOfEvil,Syndra,9397,15644.32631962087,7925
EULCS,Roccat,Betsy,Syndra,28568,15644.32631962087,15750
EULCS,Splyce,Sencux,Syndra,13656,21311.650520422834,11300
EULCS,Misfits,PowerOfEvil,Syndra,28699,15644.32631962087,12785
EULCS,Roccat,Betsy,Syndra,31803,15644.326319620863,17350
EULCS,Ninjas in Pyjamas,Nagne,Syndra,14648,21311.65052042284,11350
EULCS,Ninjas in Pyjamas,Nagne,Syndra,5944,15644.32631962087,8125
EULCS,Giants,NighT,Taliyah,16089,19324.795656198814,13120
EULCS,Fnatic,Caps,Taliyah,24779,21482.008611215417,16625
EULCS,Ninjas in Pyjamas,Nagne,Taliyah,41243,19324.79565619884,17375
EULCS,Ninjas in Pyjamas,Nagne,Taliyah,25191,19324.79565619882,21550
EULCS,Splyce,Sencux,Taliyah,19179,21482.008611215417,11375
EULCS,Unicorns of Love,Exileh,Taliyah,14691,21482.008611215417,8750
EULCS,Roccat,Betsy,Taliyah,8893,19324.79565619883,9050
EULCS,Unicorns of Love,Exileh,Taliyah,15009,21482.008611215417,10910
EULCS,Mysterious Monkeys,CozQ,Taliyah,15140,19324.79565619882,11450
EULCS,Misfits,PowerOfEvil,Taliyah,23979,21482.008611215417,14e3
EULCS,Ninjas in Pyjamas,Nagne,Taliyah,7293,19324.79565619883,10410
EULCS,Vitality,Nukeduck,Taliyah,19230,19324.79565619882,11250
EULCS,Splyce,Sencux,Taliyah,21788,19324.79565619882,13925
EULCS,G2 Esports,Perkz,Taliyah,12403,19324.79565619882,9275
EULCS,Fnatic,Caps,Taliyah,38522,21482.008611215417,15760
EULCS,Ninjas in Pyjamas,Nagne,Taliyah,17514,19324.79565619882,13200
EULCS,Mysterious Monkeys,CozQ,Taliyah,18311,19324.79565619882,12175
EULCS,Ninjas in Pyjamas,Nagne,Taliyah,11878,19324.79565619882,11660
EULCS,Splyce,Sencux,Taliyah,15593,19324.795656198814,8225
EULCS,Fnatic,Caps,Taliyah,29639,21482.008611215417,12600
EULCS,G2 Esports,Perkz,Taliyah,24391,21482.008611215417,14550
EULCS,G2 Esports,Perkz,Taliyah,18666,19324.79565619882,11225
EULCS,Ninjas in Pyjamas,Nagne,Taliyah,20349,19324.79565619882,11100
EULCS,G2 Esports,Perkz,Taliyah,26034,19324.79565619882,13975
EULCS,Misfits,PowerOfEvil,Taliyah,13872,19324.79565619882,9775
EULCS,Ninjas in Pyjamas,Nagne,Taliyah,24725,21482.008611215417,12800
EULCS,Splyce,Sencux,Taliyah,17102,21482.008611215417,12200
EULCS,Roccat,Betsy,Taliyah,27251,19324.79565619882,14825
EULCS,Fnatic,Caps,Taliyah,52122,21482.0086112154,18850
EULCS,Ninjas in Pyjamas,Nagne,Taliyah,12986,19324.79565619882,12450
EULCS,Splyce,Sencux,Taliyah,22641,19324.795656198814,14350
EULCS,Giants,NighT,Talon,13773,14554.255028724783,13250
EULCS,Unicorns of Love,Exileh,Talon,10501,18137.43937460622,10325
EULCS,Splyce,Sencux,Talon,23949,18137.43937460622,11625
EULCS,Splyce,Sencux,Talon,16014,14554.255028724783,9375
EULCS,Unicorns of Love,Exileh,Talon,32589,18137.439374606198,18950
EULCS,Unicorns of Love,Exileh,Talon,14585,14554.255028724783,8875
EULCS,Unicorns of Love,Exileh,Talon,14190,18137.439374606212,21330
EULCS,Unicorns of Love,Exileh,Talon,11731,18137.439374606212,12345
EULCS,Giants,NighT,Viktor,16125,17520.953706138844,14025
EULCS,H2K,Febiven,Viktor,23651,25224.843038295425,17850
EULCS,H2K,Febiven,Viktor,21375,25224.843038295425,9900
EULCS,Misfits,PowerOfEvil,Viktor,14929,25224.843038295436,11975
EULCS,Misfits,PowerOfEvil,Viktor,17337,17520.953706138844,10650
EULCS,Ninjas in Pyjamas,Nagne,Viktor,27024,17520.953706138844,16025
EULCS,Unicorns of Love,Exileh,Viktor,18968,17520.953706138844,13400
EULCS,Roccat,Betsy,Viktor,20665,25224.843038295425,11550
EULCS,H2K,Febiven,Viktor,20249,17520.953706138844,11150
EULCS,Vitality,Nukeduck,Viktor,15330,17520.953706138844,8050
EULCS,Vitality,Nukeduck,Vladimir,6032,14339.200983550412,6575
EULCS,Vitality,Nukeduck,Vladimir,17240,14339.200983550418,11450
EULCS,Roccat,Betsy,Vladimir,19942,20631.875596800637,15075
EULCS,Misfits,PowerOfEvil,Vladimir,15655,14339.200983550418,11875
EULCS,Giants,NighT,Vladimir,8926,14339.200983550416,8660
EULCS,Fnatic,Caps,Vladimir,28753,14339.200983550412,17150
EULCS,Unicorns of Love,Exileh,Vladimir,13058,20631.875596800637,10760
EULCS,Unicorns of Love,Exileh,Vladimir,22315,20631.875596800637,13650
EULCS,Misfits,PowerOfEvil,Vladimir,10004,14339.200983550418,9875
EULCS,Roccat,Betsy,Vladimir,13024,20631.875596800637,12450
EULCS,Roccat,Betsy,Vladimir,8332,14339.200983550412,7210
EULCS,Unicorns of Love,Exileh,Vladimir,20666,20631.875596800644,12385
EULCS,Roccat,Betsy,Vladimir,25377,20631.875596800637,14125
EULCS,Unicorns of Love,Exileh,Vladimir,23910,20631.875596800637,16475
EULCS,Roccat,Betsy,Vladimir,28321,20631.875596800637,17200
EULCS,Unicorns of Love,Exileh,Vladimir,11676,14339.200983550418,11375
EULCS,Mysterious Monkeys,CozQ,Vladimir,14614,14339.200983550418,11400
EULCS,Misfits,PowerOfEvil,Vladimir,32851,14339.200983550405,15535
EULCS,Mysterious Monkeys,CozQ,Vladimir,17269,14339.200983550418,11450
EULCS,Mysterious Monkeys,CozQ,Vladimir,22421,14339.200983550418,12e3
EULCS,Vitality,Hachani,Alistar,5171,3393.2356920772713,7450
EULCS,Roccat,Wadid,Alistar,3939,4315.816642905267,5075
EULCS,Roccat,Wadid,Alistar,816,3393.2356920772695,5125
EULCS,H2K,Chei,Alistar,4318,4315.816642905267,5425
EULCS,G2 Esports,mithy,Alistar,2766,3393.2356920772713,6850
EULCS,Misfits,IgNar,Alistar,5762,4315.816642905267,7375
EULCS,Vitality,Vander,Alistar,3697,3393.2356920772704,6400
EULCS,Misfits,IgNar,Alistar,4185,3393.2356920772704,7075
EULCS,Vitality,Vander,Alistar,3474,4315.816642905267,6400
EULCS,G2 Esports,mithy,Alistar,7357,4315.816642905265,7425
EULCS,G2 Esports,mithy,Alistar,5037,4315.816642905265,6325
EULCS,Misfits,IgNar,Alistar,1021,3393.2356920772686,5425
EULCS,Ninjas in Pyjamas,sprattel,Alistar,4094,4315.816642905267,7700
EULCS,Mysterious Monkeys,Dreams,Alistar,4948,4315.816642905267,8300
EULCS,Mysterious Monkeys,Dreams,Alistar,1173,3393.2356920772677,5375
EULCS,G2 Esports,mithy,Alistar,2479,4315.8166429052635,7625
EULCS,Ninjas in Pyjamas,sprattel,Alistar,4722,4315.816642905267,6700
EULCS,Misfits,IgNar,Alistar,4546,4315.816642905267,7675
EULCS,Vitality,Hachani,Bard,5991,7363.228897820973,6900
EULCS,Misfits,IgNar,Bard,7551,8568.174670995173,6525
EULCS,Misfits,IgNar,Bard,2408,7363.228897820968,6150
EULCS,Unicorns of Love,Hylissang,Bard,15031,7363.228897820968,9400
EULCS,Roccat,Wadid,Bard,7268,7363.228897820973,8250
EULCS,Splyce,Mikyx,Bard,6926,7363.228897820973,5625
EULCS,Vitality,Hachani,Blitzcrank,7099,4943.25304752533,9875
EULCS,Unicorns of Love,Hylissang,Blitzcrank,5446,5012.970757761121,7275
EULCS,Roccat,Wadid,Blitzcrank,3778,4943.253047525328,7100
EULCS,Unicorns of Love,Hylissang,Blitzcrank,5473,5012.970757761121,8325
EULCS,Misfits,IgNar,Blitzcrank,3407,4943.253047525328,5050
EULCS,Misfits,IgNar,Blitzcrank,6318,5012.970757761119,9375
EULCS,Unicorns of Love,Hylissang,Blitzcrank,4734,5012.970757761119,7800
EULCS,Misfits,IgNar,Blitzcrank,4367,5012.970757761119,9775
EULCS,Fnatic,Jesiz,Blitzcrank,4706,5012.970757761119,10400
EULCS,Unicorns of Love,Hylissang,Blitzcrank,4304,4943.253047525328,8300
EULCS,Unicorns of Love,Hylissang,Blitzcrank,5336,5012.970757761121,7850
EULCS,Misfits,IgNar,Blitzcrank,7370,4943.25304752533,9075
EULCS,Misfits,IgNar,Blitzcrank,4204,5012.970757761119,8925
EULCS,Giants,HusTlin,Braum,6530,4311.341257144476,7450
EULCS,H2K,Chei,Braum,8445,5312.423569523138,8425
EULCS,Fnatic,Jesiz,Braum,5121,4311.341257144478,9425
EULCS,Splyce,Mikyx,Braum,5741,4311.341257144478,5425
EULCS,Misfits,IgNar,Braum,2904,4311.341257144478,7450
EULCS,Unicorns of Love,Hylissang,Braum,3768,5312.423569523138,7e3
EULCS,H2K,Chei,Braum,5079,5312.423569523138,7575
EULCS,Fnatic,Jesiz,Braum,5869,5312.423569523138,11875
EULCS,Vitality,Vander,Braum,3206,4311.341257144478,8500
EULCS,Vitality,Vander,Braum,3918,4311.341257144478,6100
EULCS,Unicorns of Love,Hylissang,Braum,5648,5312.423569523138,9350
EULCS,Ninjas in Pyjamas,sprattel,Braum,6078,4311.341257144476,8275
EULCS,Mysterious Monkeys,Dreams,Braum,2748,4311.341257144478,6300
EULCS,Vitality,Vander,Braum,3793,5312.423569523138,6975
EULCS,Vitality,Vander,Braum,5366,5312.423569523138,9100
EULCS,G2 Esports,mithy,Braum,1757,4311.341257144478,7500
EULCS,G2 Esports,mithy,Braum,3363,5312.423569523138,5975
EULCS,Splyce,Mikyx,Braum,8777,5312.423569523138,8300
EULCS,Unicorns of Love,Hylissang,Braum,5079,4311.341257144478,5750
EULCS,Ninjas in Pyjamas,sprattel,Braum,3292,4311.341257144478,7625
EULCS,H2K,Chei,Braum,5018,5312.423569523138,6925
EULCS,Vitality,Vander,Braum,4471,4311.341257144478,8875
EULCS,Splyce,Mikyx,Braum,8326,5312.423569523138,11520
EULCS,Ninjas in Pyjamas,sprattel,Braum,5073,4311.34125714448,6475
EULCS,Mysterious Monkeys,Dreams,Braum,5581,5312.423569523138,9425
EULCS,H2K,Chei,Braum,4473,5312.423569523138,12100
EULCS,H2K,Chei,Braum,4536,5312.423569523138,10300
EULCS,Mysterious Monkeys,Dreams,Braum,5550,4311.34125714448,8350
EULCS,Vitality,Vander,Braum,3076,5312.423569523136,6525
EULCS,H2K,Chei,Braum,3203,5312.423569523136,6150
EULCS,G2 Esports,mithy,Braum,3613,5312.423569523138,5850
EULCS,Unicorns of Love,Hylissang,Braum,5801,5312.423569523138,11175
EULCS,Mysterious Monkeys,Dreams,Braum,5567,5312.423569523138,10150
EULCS,Roccat,Wadid,Braum,1964,4311.341257144478,6150
EULCS,Fnatic,Jesiz,Braum,4460,5312.423569523138,8175
EULCS,Fnatic,Jesiz,Braum,6756,5312.423569523138,9925
EULCS,Unicorns of Love,Hylissang,Braum,3783,5312.423569523138,5600
EULCS,Unicorns of Love,Hylissang,Braum,5380,4311.34125714448,8085
EULCS,G2 Esports,mithy,Braum,6148,5312.423569523138,8600
EULCS,H2K,Chei,Braum,3654,4311.341257144478,6250
EULCS,Mysterious Monkeys,Dreams,Braum,3330,4311.341257144478,6475
EULCS,Mysterious Monkeys,Dreams,Braum,5288,4311.34125714448,7125
EULCS,Splyce,Mikyx,Braum,4549,5312.423569523138,7750
EULCS,Splyce,Mikyx,Braum,6425,5312.423569523138,8550
EULCS,G2 Esports,mithy,Braum,4702,5312.423569523138,7300
EULCS,Unicorns of Love,Hylissang,Braum,3103,4311.341257144478,5450
EULCS,Splyce,Mikyx,Braum,4394,4311.341257144478,6775
EULCS,Splyce,Mikyx,Braum,8241,5312.423569523138,11450
EULCS,Splyce,Mikyx,Braum,6245,5312.423569523138,8175
EULCS,Vitality,Vander,Braum,8186,5312.423569523138,8350
EULCS,Splyce,Mikyx,Braum,10610,4311.341257144478,9775
EULCS,Fnatic,Jesiz,Braum,4321,5312.423569523138,8375
EULCS,Ninjas in Pyjamas,sprattel,Braum,6509,5312.423569523138,9025
EULCS,Unicorns of Love,Hylissang,Braum,9973,5312.42356952313,8575
EULCS,Mysterious Monkeys,Dreams,Braum,2562,4311.3412571444815,8275
EULCS,Fnatic,Jesiz,Braum,4525,5312.423569523138,9775
EULCS,Ninjas in Pyjamas,sprattel,Braum,2461,4311.3412571444815,4725
EULCS,Splyce,Mikyx,Braum,6666,4311.341257144476,7475
EULCS,G2 Esports,mithy,Janna,2136,2600.6017350472725,10725
EULCS,G2 Esports,mithy,Janna,2944,2600.6017350472735,11375
EULCS,Ninjas in Pyjamas,sprattel,Janna,1047,1948.787448723318,8200
EULCS,Giants,HusTlin,Karma,6479,6101.911951184402,7750
EULCS,Origen,xPeke,Karma,6386,6101.911951184402,4925
EULCS,H2K,Chei,Karma,3700,6101.911951184405,6030
EULCS,Giants,HusTlin,Karma,11966,7741.45808724123,13250
EULCS,Giants,HusTlin,Karma,3985,6101.911951184405,5500
EULCS,G2 Esports,mithy,Karma,3448,7741.458087241235,6700
EULCS,Origen,xPeke,Karma,6892,6101.911951184405,7400
EULCS,Misfits,IgNar,Karma,7793,7741.45808724123,9875
EULCS,Misfits,IgNar,Karma,6874,7741.45808724123,9450
EULCS,G2 Esports,mithy,Karma,7849,6101.911951184405,5850
EULCS,Fnatic,Jesiz,Karma,2530,6101.911951184405,8175
EULCS,Misfits,IgNar,Karma,4213,6101.911951184405,4975
EULCS,G2 Esports,mithy,Karma,5807,7741.458087241235,11e3
EULCS,Ninjas in Pyjamas,sprattel,Karma,5077,6101.9119511844065,6775
EULCS,Ninjas in Pyjamas,sprattel,Karma,4026,6101.911951184405,5950
EULCS,Fnatic,Jesiz,Karma,3401,7741.458087241235,7925
EULCS,G2 Esports,mithy,Karma,4387,6101.911951184405,5500
EULCS,Vitality,Hachani,Lulu,2485,3841.0125481356085,4150
EULCS,Splyce,Mikyx,Lulu,4787,5021.536800708981,8125
EULCS,Roccat,Wadid,Lulu,4655,5021.536800708981,9650
EULCS,Misfits,IgNar,Lulu,2548,3841.0125481356085,6950
EULCS,H2K,Chei,Lulu,5124,5021.536800708981,8650
EULCS,G2 Esports,mithy,Lulu,4993,3841.0125481356094,7800
EULCS,Giants,HusTlin,Lulu,4525,3841.0125481356085,7475
EULCS,Roccat,Wadid,Lulu,2913,3841.0125481356076,7925
EULCS,G2 Esports,mithy,Lulu,3079,3841.0125481356085,6525
EULCS,Splyce,Mikyx,Lulu,9059,3841.012548135613,11125
EULCS,G2 Esports,mithy,Lulu,2780,3841.0125481356076,7650
EULCS,Roccat,Wadid,Lulu,2209,3841.012548135606,8550
EULCS,G2 Esports,mithy,Lulu,1886,3841.012548135605,5375
EULCS,G2 Esports,mithy,Lulu,5629,5021.536800708981,8500
EULCS,H2K,Chei,Lulu,4168,5021.536800708981,9050
EULCS,Mysterious Monkeys,Dreams,Lulu,4840,3841.0125481356094,6475
EULCS,Fnatic,Jesiz,Lulu,2092,3841.012548135606,6650
EULCS,H2K,Chei,Lulu,2495,3841.0125481356085,5575
EULCS,Roccat,Wadid,Lulu,2088,3841.012548135606,7350
EULCS,G2 Esports,mithy,Lulu,4134,5021.536800708981,10100
EULCS,Vitality,Vander,Lulu,3202,3841.0125481356085,6325
EULCS,Splyce,Mikyx,Malzahar,11115,11572.653237247983,7225
EULCS,Unicorns of Love,Hylissang,Malzahar,7384,11572.653237247983,6975
EULCS,Splyce,Mikyx,Malzahar,9950,8027.037066288472,9100
EULCS,G2 Esports,mithy,Malzahar,10472,11572.653237247983,10745
EULCS,Unicorns of Love,Hylissang,Malzahar,7349,11572.653237247983,6450
EULCS,Unicorns of Love,Hylissang,Malzahar,10434,11572.653237247983,8450
EULCS,Roccat,Wadid,Malzahar,12523,11572.653237247983,9700
EULCS,Misfits,IgNar,Malzahar,4987,8027.037066288472,5325
EULCS,Roccat,Wadid,Malzahar,8844,8027.037066288469,7885
EULCS,Fnatic,Jesiz,Morgana,8936,7910.9404899809815,11525
EULCS,Splyce,Mikyx,Morgana,4818,7910.940489980984,7285
EULCS,Fnatic,Jesiz,Morgana,14584,7910.940489980984,12375
EULCS,Splyce,Mikyx,Morgana,8348,7405.886506432851,10675
EULCS,Roccat,Wadid,Rakan,6285,5688.730564641923,9175
EULCS,Roccat,Wadid,Rakan,7065,5688.730564641923,8850
EULCS,Unicorns of Love,Hylissang,Rakan,7628,4526.280645852495,8625
EULCS,Unicorns of Love,Hylissang,Rakan,6670,5688.730564641923,7850
EULCS,G2 Esports,mithy,Rakan,4416,4526.280645852498,8575
EULCS,Splyce,Mikyx,Rakan,4754,5688.730564641923,6500
EULCS,Vitality,Vander,Rakan,2610,4526.280645852493,7150
EULCS,H2K,Chei,Rakan,2295,4526.2806458524965,5150
EULCS,Misfits,IgNar,Rakan,4268,5688.730564641923,8250
EULCS,Roccat,Wadid,Rakan,6084,4526.2806458524965,9e3
EULCS,Roccat,Wadid,Rakan,3086,4526.2806458524965,4675
EULCS,Unicorns of Love,Hylissang,Rakan,4337,5688.730564641923,7625
EULCS,Mysterious Monkeys,Dreams,Rakan,5337,4526.280645852498,8250
EULCS,Mysterious Monkeys,Dreams,Rakan,3536,5688.73056464192,8175
EULCS,Splyce,Mikyx,Rakan,3940,4526.2806458525,9e3
EULCS,Misfits,IgNar,Rakan,6806,4526.2806458524965,10125
EULCS,Splyce,Mikyx,Rakan,6764,4526.2806458524965,10900
EULCS,Unicorns of Love,Hylissang,Rakan,3089,4526.2806458524965,6625
EULCS,Unicorns of Love,Hylissang,Rakan,5871,5688.730564641923,11705
EULCS,Unicorns of Love,Hylissang,Rakan,3160,4526.2806458524965,8150
EULCS,Roccat,Wadid,Rakan,6196,5688.73056464192,9455
EULCS,Misfits,IgNar,Rakan,5677,5688.730564641923,10325
EULCS,Unicorns of Love,Hylissang,Rakan,8156,5688.730564641923,14650
EULCS,Misfits,IgNar,Rakan,6478,4526.2806458524965,11905
EULCS,Mysterious Monkeys,Dreams,Rakan,3841,4526.2806458525,6850
EULCS,Ninjas in Pyjamas,sprattel,Rakan,4488,4526.280645852498,6950
EULCS,Splyce,Mikyx,Rakan,3239,4526.280645852498,5625
EULCS,Roccat,Wadid,Rakan,4797,4526.280645852498,9275
EULCS,Mysterious Monkeys,Dreams,Rakan,6065,4526.2806458524965,8525
EULCS,Mysterious Monkeys,Dreams,Rakan,3514,4526.280645852498,8500
EULCS,Splyce,Mikyx,Rakan,5211,5688.730564641923,9895
EULCS,Misfits,IgNar,Rakan,2672,4526.280645852495,8475
EULCS,H2K,Chei,Rakan,3798,5688.73056464192,5300
EULCS,Roccat,Wadid,Rakan,4301,4526.280645852498,9575
EULCS,Misfits,IgNar,Rakan,3194,4526.2806458524965,7275
EULCS,G2 Esports,mithy,Tahm Kench,5562,4517.182358083646,8500
EULCS,Roccat,Wadid,Tahm Kench,3625,4517.182358083648,9050
EULCS,Origen,xPeke,Tahm Kench,5114,3712.8603911329114,5625
EULCS,Vitality,Hachani,Tahm Kench,3659,3712.8603911329114,7200
EULCS,Splyce,Mikyx,Tahm Kench,3230,3712.8603911329133,6050
EULCS,Origen,xPeke,Tahm Kench,3625,3712.8603911329124,6950
EULCS,Vitality,Vander,Tahm Kench,3063,3712.8603911329133,5925
EULCS,Ninjas in Pyjamas,sprattel,Tahm Kench,4635,3712.8603911329114,10450
EULCS,Misfits,IgNar,Tahm Kench,2820,4517.182358083646,6e3
EULCS,Ninjas in Pyjamas,sprattel,Tahm Kench,6326,3712.8603911329096,11850
EULCS,Ninjas in Pyjamas,sprattel,Tahm Kench,2236,3712.860391132904,7225
EULCS,H2K,Chei,Tahm Kench,6505,4517.182358083644,8250
EULCS,Misfits,IgNar,Tahm Kench,5966,3712.8603911329124,16200
EULCS,G2 Esports,mithy,Tahm Kench,5164,4517.182358083646,6825
EULCS,G2 Esports,mithy,Tahm Kench,2741,3712.8603911329133,6450
EULCS,H2K,Chei,Tahm Kench,3781,4517.182358083646,10200
EULCS,Ninjas in Pyjamas,sprattel,Tahm Kench,5658,3712.8603911329124,8925
EULCS,Vitality,Vander,Tahm Kench,2357,4517.182358083648,8100
EULCS,Vitality,Vander,Tahm Kench,3745,4517.182358083648,8425
EULCS,G2 Esports,mithy,Tahm Kench,6489,4517.182358083644,7750
EULCS,Unicorns of Love,Hylissang,Tahm Kench,4770,4517.182358083646,9700
EULCS,Vitality,Vander,Tahm Kench,3199,4517.182358083644,8300
EULCS,Ninjas in Pyjamas,sprattel,Tahm Kench,4459,4517.182358083646,9675
EULCS,Ninjas in Pyjamas,sprattel,Tahm Kench,2847,3712.8603911329133,5200
EULCS,Roccat,Wadid,Tahm Kench,4030,3712.8603911329114,3875
EULCS,G2 Esports,mithy,Tahm Kench,4451,4517.182358083646,10050
EULCS,Roccat,Wadid,Tahm Kench,2778,4517.182358083646,11270
EULCS,Vitality,Vander,Tahm Kench,3604,3712.8603911329114,6375
EULCS,Vitality,Vander,Tahm Kench,5022,3712.8603911329114,7750
EULCS,H2K,Chei,Tahm Kench,4089,3712.8603911329124,8700
EULCS,G2 Esports,mithy,Tahm Kench,3721,4517.182358083646,6925
EULCS,Vitality,Vander,Tahm Kench,4776,4517.182358083646,9250
EULCS,G2 Esports,mithy,Tahm Kench,3043,4517.182358083646,7325
EULCS,Misfits,IgNar,Tahm Kench,1861,3712.860391132905,8225
EULCS,Unicorns of Love,Hylissang,Tahm Kench,9156,4517.182358083644,8750
EULCS,H2K,Chei,Tahm Kench,2122,4517.182358083643,7540
EULCS,Unicorns of Love,Hylissang,Taric,4444,2777.7578297465034,8750
EULCS,Fnatic,Jesiz,Taric,4653,2777.7578297465034,7400
EULCS,Splyce,Mikyx,Thresh,2964,4253.286123618935,5850
EULCS,Unicorns of Love,Hylissang,Thresh,2327,4253.286123618933,5700
EULCS,Vitality,Hachani,Thresh,3910,4253.286123618935,7900
EULCS,H2K,Chei,Thresh,3369,4253.286123618935,7525
EULCS,G2 Esports,mithy,Thresh,3660,4253.286123618935,9525
EULCS,H2K,Chei,Thresh,4081,4253.286123618933,10920
EULCS,H2K,Chei,Thresh,5949,4253.286123618933,6575
EULCS,Fnatic,Jesiz,Thresh,4018,4253.286123618933,10100
EULCS,Fnatic,Jesiz,Thresh,2405,4253.286123618935,6650
EULCS,G2 Esports,mithy,Thresh,3597,4253.286123618935,8500
EULCS,Vitality,Vander,Thresh,2214,4071.2044992919987,6e3
EULCS,Unicorns of Love,Hylissang,Thresh,5357,4253.286123618933,6525
EULCS,Mysterious Monkeys,Dreams,Thresh,3873,4071.2044992919996,7900
EULCS,Mysterious Monkeys,Dreams,Thresh,2369,4071.2044992920014,5350
EULCS,Ninjas in Pyjamas,sprattel,Thresh,4111,4071.2044992919996,11925
EULCS,Splyce,Mikyx,Thresh,3336,4253.286123618935,8050
EULCS,Splyce,Mikyx,Thresh,5491,4253.286123618933,7975
EULCS,Mysterious Monkeys,Dreams,Thresh,2733,4071.2044992920014,5500
EULCS,Mysterious Monkeys,Dreams,Thresh,2956,4071.2044992919996,10140
EULCS,Misfits,IgNar,Thresh,2641,4253.286123618931,7400
EULCS,Roccat,Wadid,Thresh,3024,4071.2044992919996,4975
EULCS,Mysterious Monkeys,Dreams,Thresh,3922,4071.2044992920005,7200
EULCS,Splyce,Mikyx,Thresh,3582,4253.286123618935,6050
EULCS,H2K,Chei,Thresh,3768,4071.2044992919996,5350
EULCS,H2K,Chei,Thresh,4733,4071.2044992919996,7375
EULCS,Roccat,Wadid,Thresh,3372,4071.2044992919996,8425
EULCS,Roccat,Wadid,Thresh,5911,4253.286123618933,12e3
EULCS,Roccat,Wadid,Thresh,3839,4253.286123618935,8300
EULCS,Misfits,IgNar,Thresh,3361,4253.286123618935,7175
EULCS,Splyce,Mikyx,Thresh,4541,4071.2044992919996,8275
EULCS,Roccat,Wadid,Thresh,2383,4253.286123618935,7675
EULCS,Fnatic,Jesiz,Thresh,2721,4253.286123618935,7300
EULCS,Vitality,Vander,Thresh,3439,4071.2044992920005,6575
EULCS,Vitality,Vander,Thresh,4801,4253.286123618933,13075
EULCS,Roccat,Wadid,Thresh,5766,4253.286123618933,10025
EULCS,Splyce,Mikyx,Thresh,4503,4253.286123618933,7e3
EULCS,Unicorns of Love,Hylissang,Thresh,3940,4071.2044992920005,5800
EULCS,Unicorns of Love,Hylissang,Thresh,3643,4253.286123618935,6850
EULCS,Fnatic,Jesiz,Thresh,4463,4253.286123618933,8500
EULCS,Mysterious Monkeys,Dreams,Thresh,3756,4071.2044992920005,10650
EULCS,Ninjas in Pyjamas,sprattel,Thresh,3005,4071.2044992919996,8725
EULCS,H2K,Chei,Thresh,6079,4253.286123618933,8025
EULCS,Ninjas in Pyjamas,sprattel,Thresh,4095,4071.2044992920005,8675
EULCS,Misfits,IgNar,Thresh,4641,4071.2044992919996,12150
EULCS,Mysterious Monkeys,Dreams,Thresh,5194,4071.2044992920005,7125
EULCS,Ninjas in Pyjamas,sprattel,Thresh,4067,4253.286123618933,8275
EULCS,Ninjas in Pyjamas,sprattel,Thresh,3471,4071.2044992919996,5625
EULCS,Ninjas in Pyjamas,sprattel,Thresh,6297,4071.2044992919987,8575
EULCS,Ninjas in Pyjamas,sprattel,Thresh,1817,4071.204499291995,6075
EULCS,Vitality,Vander,Thresh,4336,4071.2044992919996,8350
EULCS,Misfits,IgNar,Thresh,5790,4253.286123618933,6775
EULCS,Misfits,IgNar,Thresh,6049,4071.2044992919987,10525
EULCS,Roccat,Wadid,Thresh,7409,4071.2044992919987,11225
EULCS,Mysterious Monkeys,Dreams,Thresh,8418,4071.2044992919978,10295
EULCS,Mysterious Monkeys,Dreams,Thresh,1769,4253.286123618927,6e3
EULCS,Roccat,Wadid,Thresh,7256,4253.286123618933,8850
EULCS,Roccat,Wadid,Thresh,1998,4071.204499291996,4650
EULCS,H2K,Chei,Thresh,7719,4253.286123618933,9325
EULCS,Ninjas in Pyjamas,sprattel,Thresh,1810,4071.204499291995,6175
EULCS,Ninjas in Pyjamas,sprattel,Thresh,3590,4071.2044992919996,6775
EULCS,G2 Esports,mithy,Thresh,5049,4071.2044992920005,7150
EULCS,Fnatic,Jesiz,Thresh,9008,4071.2044992919978,12325
EULCS,Fnatic,Jesiz,Thresh,4099,4253.286123618933,7200
EULCS,H2K,Chei,Thresh,2923,4253.286123618935,6850
EULCS,Fnatic,Jesiz,Thresh,1239,4253.286123618924,5875
EULCS,Unicorns of Love,Hylissang,Thresh,6164,4071.2044992919987,6850
EULCS,Vitality,Vander,Thresh,2877,4071.2044992919987,6175
EULCS,Vitality,Vander,Thresh,2072,4071.204499291995,4975
EULCS,Roccat,Wadid,Thresh,4393,4071.2044992919996,12550
EULCS,Misfits,IgNar,Zyra,14523,11696.280165806877,9325
EULCS,H2K,Chei,Zyra,10515,13291.838297961529,10020
EULCS,Fnatic,Jesiz,Zyra,5126,13291.838297961529,6900
EULCS,Fnatic,Jesiz,Zyra,25720,11696.280165806886,14850
EULCS,Fnatic,Jesiz,Zyra,5589,13291.838297961529,6775
EULCS,Fnatic,Jesiz,Zyra,17468,13291.838297961522,10675
EULCS,Fnatic,Jesiz,Zyra,7157,11696.280165806873,5750
EULCS,Giants,HusTlin,Zyra,9297,11696.280165806877,8700
EULCS,G2 Esports,mithy,Zyra,10221,13291.838297961529,10150
EULCS,G2 Esports,mithy,Zyra,16211,11696.280165806873,11110
EULCS,H2K,Chei,Zyra,15020,13291.838297961525,9135
EULCS,Misfits,IgNar,Zyra,8060,13291.838297961522,9595
EULCS,Fnatic,Jesiz,Zyra,7028,13291.838297961522,7350
EULCS,Fnatic,Jesiz,Zyra,10078,13291.838297961525,7550
EULCS,Fnatic,Jesiz,Zyra,10696,13291.838297961529,8475
EULCS,H2K,Chei,Zyra,9307,13291.838297961529,8800
EULCS,Splyce,Mikyx,Zyra,18514,13291.838297961516,11425
EULCS,Mysterious Monkeys,Dreams,Zyra,7213,11696.280165806873,7250
EULCS,Fnatic,Jesiz,Zyra,7020,13291.838297961522,10300
EULCS,Fnatic,Jesiz,Zyra,14627,11696.280165806877,13e3
EULCS,Roccat,Wadid,Zyra,6578,13291.838297961529,8775
EULCS,Splyce,Mikyx,Zyra,21762,11696.280165806886,10485
EULCS,H2K,Odoamne,Camille,7175,10668.043740851963,7758
EULCS,Fnatic,sOAZ,Camille,21242,10668.043740851968,16933
EULCS,Vitality,Cabochard,Camille,11548,10668.043740851963,10133
EULCS,Unicorns of Love,Vizicsacsi,Camille,18770,16076.980489713365,10983
EULCS,Misfits,Alphari,Camille,13861,16076.980489713362,15408
EULCS,Roccat,Phaxi,Camille,11004,10668.043740851963,13408
EULCS,Fnatic,sOAZ,Camille,22805,16076.980489713362,16383
EULCS,H2K,Odoamne,Camille,8968,16076.980489713376,12408
EULCS,H2K,Odoamne,Camille,19822,16076.980489713369,16233
EULCS,Mysterious Monkeys,Kikis,Camille,18864,10668.043740851974,11608
EULCS,Mysterious Monkeys,Kikis,Camille,11838,10668.043740851963,14083
EULCS,Unicorns of Love,Vizicsacsi,Camille,16468,10668.043740851968,13333
EULCS,Splyce,Wunder,Camille,10238,16076.980489713365,11408
EULCS,Splyce,Wunder,Camille,4982,10668.043740851968,11408
EULCS,Splyce,Wunder,Camille,19116,16076.980489713365,13908
EULCS,Mysterious Monkeys,Kikis,Camille,7150,10668.043740851963,8808
EULCS,Splyce,Wunder,Camille,5038,10668.043740851968,8508
EULCS,Misfits,Alphari,Camille,11596,10668.043740851963,13083
EULCS,Misfits,Alphari,Camille,8919,10668.043740851968,9833
EULCS,Splyce,Wunder,Cho'gath,17762,15974.7576535362,13075
EULCS,Vitality,Cabochard,Cho'gath,19836,15974.757653536204,13700
EULCS,Unicorns of Love,Vizicsacsi,Cho'gath,34107,15974.757653536179,17625
EULCS,G2 Esports,Expect,Cho'gath,19176,15974.7576535362,10675
EULCS,Unicorns of Love,Vizicsacsi,Cho'gath,33830,15974.757653536179,12825
EULCS,Unicorns of Love,Vizicsacsi,Cho'gath,19487,11434.708716971461,11525
EULCS,Unicorns of Love,Vizicsacsi,Cho'gath,18427,15974.7576535362,11875
EULCS,Splyce,Wunder,Cho'gath,7784,15974.757653536186,9145
EULCS,Unicorns of Love,Vizicsacsi,Cho'gath,12639,15974.757653536204,13625
EULCS,Splyce,Wunder,Cho'gath,11318,11434.708716971452,11300
EULCS,Fnatic,sOAZ,Fiora,10498,15111.225061714009,12850
EULCS,H2K,Odoamne,Fiora,16407,17031.579532295375,9425
EULCS,Splyce,Wunder,Fiora,21265,17031.579532295367,11708
EULCS,G2 Esports,Expect,Fiora,19479,17031.579532295367,18130
EULCS,Splyce,Wunder,Fiora,7823,17031.57953229538,10208
EULCS,Roccat,Phaxi,Fiora,13157,17031.579532295375,14350
EULCS,Splyce,Wunder,Fiora,24307,17031.579532295367,11833
EULCS,Roccat,Phaxi,Fiora,8185,17031.579532295375,11675
EULCS,H2K,Odoamne,Fiora,20368,17031.579532295367,13583
EULCS,Unicorns of Love,Vizicsacsi,Fiora,31723,17031.579532295375,17483
EULCS,Fnatic,sOAZ,Galio,13019,11783.177206599625,15710
EULCS,Misfits,Alphari,Galio,5652,11777.873117926729,6725
EULCS,Roccat,Phaxi,Galio,11862,11783.177206599625,14335
EULCS,G2 Esports,Send0o,Galio,9999,11783.177206599627,11650
EULCS,G2 Esports,Send0o,Galio,10736,11783.177206599625,14800
EULCS,Unicorns of Love,Vizicsacsi,Galio,11173,11783.177206599621,1e4
EULCS,Mysterious Monkeys,Jisu,Galio,20875,11777.873117926734,11750
EULCS,H2K,Odoamne,Galio,10343,11783.177206599625,10825
EULCS,Unicorns of Love,Vizicsacsi,Galio,16869,11783.177206599621,14525
EULCS,Roccat,Phaxi,Galio,8234,11783.177206599621,11425
EULCS,Roccat,Phaxi,Galio,10337,11777.873117926742,9250
EULCS,Roccat,Phaxi,Galio,8196,11777.873117926742,7450
EULCS,G2 Esports,Expect,Galio,10611,11783.177206599625,13010
EULCS,Mysterious Monkeys,Jisu,Galio,7156,11777.873117926742,8050
EULCS,Fnatic,sOAZ,Galio,7402,11783.177206599621,10450
EULCS,Fnatic,sOAZ,Galio,13464,11783.177206599621,15050
EULCS,H2K,Odoamne,Galio,10098,11783.177206599627,17550
EULCS,Unicorns of Love,Vizicsacsi,Galio,15688,11783.177206599621,10925
EULCS,Roccat,Phaxi,Galio,19174,11783.177206599621,11875
EULCS,Roccat,Phaxi,Gnar,8233,15918.426641869686,13825
EULCS,Roccat,Phaxi,Gnar,10324,14020.139036571329,14900
EULCS,Roccat,Phaxi,Gnar,12967,14020.139036571325,15060
EULCS,Fnatic,sOAZ,Gnar,37434,15918.42664186966,15700
EULCS,Roccat,Phaxi,Gnar,11153,15918.42664186969,10325
EULCS,Roccat,Phaxi,Gnar,19091,15918.426641869679,15e3
EULCS,Roccat,Phaxi,Gnar,5134,14020.13903657134,6750
EULCS,Unicorns of Love,Vizicsacsi,Gnar,17370,15918.426641869686,13800
EULCS,Roccat,Phaxi,Gnar,12454,14020.139036571325,14555
EULCS,Roccat,Phaxi,Gnar,27295,15918.426641869686,15025
EULCS,Unicorns of Love,Vizicsacsi,Gnar,9457,15918.426641869686,8725
EULCS,H2K,Odoamne,Gnar,14692,14020.139036571329,14450
EULCS,Ninjas in Pyjamas,Profit,Gnar,19548,14020.139036571325,11100
EULCS,G2 Esports,Expect,Gnar,6054,15918.426641869686,11800
EULCS,Splyce,Wunder,Gnar,19282,15918.426641869679,15e3
EULCS,Misfits,Alphari,Gnar,10828,14020.139036571325,9445
EULCS,G2 Esports,Expect,Gnar,25019,15918.426641869682,12225
EULCS,Fnatic,sOAZ,Gnar,14330,15918.426641869686,13900
EULCS,Fnatic,sOAZ,Gnar,10233,15918.426641869686,10575
EULCS,Roccat,Phaxi,Gnar,10075,14020.139036571329,11325
EULCS,Ninjas in Pyjamas,Profit,Gnar,15124,15918.426641869686,12950
EULCS,Splyce,Wunder,Gnar,14696,15918.426641869686,13850
EULCS,Mysterious Monkeys,Kikis,Gnar,7849,14020.139036571325,9875
EULCS,G2 Esports,Expect,Gnar,15024,15918.426641869686,13900
EULCS,G2 Esports,Expect,Gnar,12012,15918.426641869686,9500
EULCS,H2K,Odoamne,Gnar,11164,15918.42664186969,11625
EULCS,Vitality,Cabochard,Gnar,10290,14020.139036571329,7275
EULCS,Fnatic,sOAZ,Gnar,14173,15918.426641869686,13525
EULCS,Fnatic,sOAZ,Gnar,23379,15918.426641869686,18875
EULCS,Misfits,Alphari,Gnar,12823,15918.426641869686,14825
EULCS,Ninjas in Pyjamas,Profit,Gnar,12811,14020.139036571325,7475
EULCS,Splyce,Wunder,Gnar,22964,14020.13903657134,12700
EULCS,Splyce,Wunder,Gragas,19357,13207.041286580492,13525
EULCS,Giants,Flaxxish,Gragas,10329,11932.430860802975,11050
EULCS,Roccat,Phaxi,Gragas,12981,13207.041286580492,15330
EULCS,Origen,Satorius,Gragas,3625,11932.430860802984,8500
EULCS,Splyce,Wunder,Gragas,23638,13207.041286580492,11900
EULCS,Origen,Satorius,Gragas,8074,11932.43086080297,11425
EULCS,Misfits,Alphari,Gragas,14914,13207.041286580492,13700
EULCS,Misfits,Alphari,Gragas,14235,13207.041286580492,13750
EULCS,Vitality,Cabochard,Gragas,13850,11932.43086080297,8375
EULCS,H2K,Odoamne,Gragas,12960,13207.041286580492,14770
EULCS,Vitality,Cabochard,Gragas,9724,11932.430860802971,8460
EULCS,H2K,Odoamne,Gragas,11322,13207.041286580492,11050
EULCS,Vitality,Cabochard,Gragas,10858,11932.430860802975,8800
EULCS,H2K,Odoamne,Gragas,11482,11932.430860802975,8100
EULCS,Fnatic,sOAZ,Gragas,9592,11932.430860802971,9925
EULCS,Vitality,Cabochard,Gragas,11950,11932.430860802975,7695
EULCS,Fnatic,sOAZ,Gragas,8467,13207.041286580497,10425
EULCS,Unicorns of Love,Vizicsacsi,Gragas,9066,11932.430860802971,9045
EULCS,Unicorns of Love,Vizicsacsi,Gragas,8309,13207.041286580497,10750
EULCS,H2K,Odoamne,Gragas,8546,13207.041286580497,12800
EULCS,Mysterious Monkeys,Kikis,Gragas,11396,13207.041286580492,11070
EULCS,Fnatic,sOAZ,Gragas,10792,13207.041286580496,12625
EULCS,Unicorns of Love,Vizicsacsi,Gragas,12196,13207.041286580492,12900
EULCS,Splyce,Wunder,Jarvan IV,15691,10274.330957699154,16250
EULCS,Fnatic,sOAZ,Jarvan IV,15399,13705.65422957828,13700
EULCS,Ninjas in Pyjamas,Profit,Jarvan IV,16951,10274.330957699154,17275
EULCS,Ninjas in Pyjamas,Profit,Jarvan IV,5926,10274.330957699154,9845
EULCS,G2 Esports,Expect,Jarvan IV,13914,10274.330957699154,10750
EULCS,Mysterious Monkeys,Jisu,Jarvan IV,23153,10274.33095769916,13250
EULCS,Misfits,Alphari,Jarvan IV,11775,13705.654229578276,11200
EULCS,Ninjas in Pyjamas,Profit,Jarvan IV,17180,10274.330957699154,15625
EULCS,Mysterious Monkeys,Jisu,Jarvan IV,16475,10274.330957699154,9525
EULCS,Roccat,Phaxi,Jarvan IV,20301,13705.654229578276,15725
EULCS,G2 Esports,Expect,Jarvan IV,12667,10274.330957699154,11200
EULCS,Splyce,Wunder,Jarvan IV,14225,10274.330957699154,11225
EULCS,Misfits,Alphari,Jarvan IV,14105,13705.654229578276,16075
EULCS,Fnatic,sOAZ,Jarvan IV,13575,13705.654229578276,13350
EULCS,Mysterious Monkeys,Kikis,Jarvan IV,17840,10274.330957699154,15075
EULCS,Ninjas in Pyjamas,Profit,Jarvan IV,5096,10274.330957699154,9150
EULCS,H2K,Odoamne,Jarvan IV,13878,13705.654229578276,9845
EULCS,G2 Esports,Expect,Jarvan IV,18590,13705.654229578276,16830
EULCS,G2 Esports,Expect,Jarvan IV,12995,13705.654229578276,14458
EULCS,Misfits,Alphari,Jarvan IV,19495,10274.33095769916,16175
EULCS,Fnatic,sOAZ,Jarvan IV,8857,13705.654229578276,11975
EULCS,Fnatic,sOAZ,Jarvan IV,17628,13705.654229578276,14299
EULCS,Roccat,Phaxi,Jarvan IV,6665,10274.330957699154,7225
EULCS,Roccat,Phaxi,Jarvan IV,11254,13705.65422957828,11945
EULCS,G2 Esports,Expect,Jarvan IV,11994,13705.654229578276,12100
EULCS,G2 Esports,Expect,Jarvan IV,9020,10274.330957699154,10850
EULCS,Misfits,Alphari,Jarvan IV,14884,13705.65422957828,10820
EULCS,Misfits,Alphari,Jarvan IV,19532,13705.654229578276,12300
EULCS,Ninjas in Pyjamas,Profit,Jarvan IV,8198,10274.330957699154,10250
EULCS,G2 Esports,Expect,Jarvan IV,11977,13705.654229578276,11125
EULCS,Fnatic,sOAZ,Jarvan IV,20515,13705.65422957828,10275
EULCS,Fnatic,sOAZ,Jarvan IV,17170,13705.654229578276,10075
EULCS,Misfits,Alphari,Jarvan IV,10681,13705.65422957828,10100
EULCS,Misfits,Alphari,Jarvan IV,17561,10274.330957699154,15575
EULCS,Mysterious Monkeys,Kikis,Jarvan IV,10942,10274.330957699154,12075
EULCS,Misfits,Alphari,Jarvan IV,7175,10274.330957699154,11725
EULCS,Misfits,Alphari,Jarvan IV,7531,10274.330957699154,7600
EULCS,Ninjas in Pyjamas,Profit,Jarvan IV,9958,13705.65422957828,14e3
EULCS,Roccat,Phaxi,Jarvan IV,8994,10274.330957699154,9650
EULCS,Roccat,Phaxi,Jarvan IV,8898,10274.330957699154,12525
EULCS,Roccat,Phaxi,Jarvan IV,20076,10274.33095769916,16850
EULCS,Splyce,Wunder,Jax,14796,12102.547194756198,16883
EULCS,Vitality,Cabochard,Jax,13176,12102.547194756202,13283
EULCS,Vitality,Cabochard,Jax,6429,12102.547194756195,10853
EULCS,Mysterious Monkeys,Kikis,Jax,14868,12102.547194756198,12158
EULCS,G2 Esports,Expect,Jayce,21395,19252.86856075971,14055
EULCS,Ninjas in Pyjamas,Profit,Jayce,16601,19252.86856075971,18125
EULCS,Mysterious Monkeys,Jisu,Jayce,16612,19252.86856075971,9600
EULCS,Ninjas in Pyjamas,Profit,Jayce,18894,19252.86856075971,14700
EULCS,Mysterious Monkeys,Kikis,Jayce,25812,19442.650081126372,17400
EULCS,Mysterious Monkeys,Kikis,Jayce,13568,19252.86856075971,11755
EULCS,Splyce,Wunder,Kennen,10090,17686.832884141208,11975
EULCS,Splyce,Wunder,Kennen,16044,14242.935784124473,11950
EULCS,Splyce,Wunder,Kennen,14829,14242.935784124473,14775
EULCS,H2K,Odoamne,Kennen,19713,17686.8328841412,11100
EULCS,Misfits,Alphari,Kennen,10668,14242.93578412447,13175
EULCS,Splyce,Wunder,Kennen,15767,17686.832884141208,14050
EULCS,H2K,Odoamne,Kennen,23717,14242.935784124476,12970
EULCS,G2 Esports,Expect,Kennen,13287,14242.935784124473,7785
EULCS,Roccat,Phaxi,Kennen,8522,14242.93578412447,13150
EULCS,Misfits,Alphari,Kennen,28528,14242.935784124476,15925
EULCS,Vitality,Cabochard,Kennen,12390,14242.935784124476,10850
EULCS,Vitality,Cabochard,Kled,15174,11536.58456871292,12750
EULCS,Vitality,Cabochard,Kled,4838,11536.58456871292,10175
EULCS,Splyce,Wunder,Kled,21290,14266.021965970207,13725
EULCS,Mysterious Monkeys,Jisu,Kled,13222,11536.58456871292,9150
EULCS,Mysterious Monkeys,Jisu,Kled,6727,11536.584568712915,10475
EULCS,Fnatic,sOAZ,Kled,20706,11536.58456871293,17750
EULCS,Splyce,Wunder,Kled,21532,14266.021965970207,10150
EULCS,Splyce,Wunder,Kled,6480,11536.584568712915,7675
EULCS,Misfits,Alphari,Kled,10819,14266.021965970203,10145
EULCS,Splyce,Wunder,Kled,20655,11536.58456871293,14175
EULCS,H2K,Odoamne,Kled,10309,14266.021965970203,8600
EULCS,Misfits,Alphari,Kled,11488,11536.58456871292,11600
EULCS,Giants,Flaxxish,Maokai,4795,13489.44473952294,8100
EULCS,Ninjas in Pyjamas,Profit,Maokai,13741,13489.444739522944,8675
EULCS,Ninjas in Pyjamas,Profit,Maokai,14566,13489.444739522944,7125
EULCS,Misfits,Alphari,Maokai,10858,14796.217528849127,7580
EULCS,Unicorns of Love,Vizicsacsi,Maokai,12027,14796.217528849123,12750
EULCS,Vitality,Cabochard,Nautilus,2231,11042.081437114242,6375
EULCS,Unicorns of Love,Vizicsacsi,Nautilus,7282,12488.917003153598,10325
EULCS,Origen,Satorius,Nautilus,7588,11042.081437114255,9345
EULCS,H2K,Odoamne,Nautilus,11666,12488.917003153598,11725
EULCS,Fnatic,sOAZ,Nautilus,15910,11042.081437114257,17135
EULCS,Giants,Flaxxish,Nautilus,4336,11042.081437114246,8175
EULCS,Unicorns of Love,Vizicsacsi,Nautilus,21151,11042.081437114246,11550
EULCS,Unicorns of Love,Vizicsacsi,Nautilus,9418,12488.917003153598,9725
EULCS,G2 Esports,Expect,Nautilus,11216,11042.081437114255,12075
EULCS,Fnatic,sOAZ,Nautilus,4415,11042.081437114246,9125
EULCS,Giants,Flaxxish,Nautilus,11691,11042.081437114255,13075
EULCS,Giants,Flaxxish,Nautilus,10418,11042.081437114255,14685
EULCS,Roccat,Phaxi,Nautilus,8772,12488.917003153598,8e3
EULCS,Fnatic,sOAZ,Nautilus,6283,12488.91700315359,8375
EULCS,Vitality,Cabochard,Renekton,11987,11481.843946122006,12775
EULCS,Misfits,Alphari,Renekton,11859,11481.843946122006,11425
EULCS,G2 Esports,Expect,Renekton,20438,13713.058598907128,15780
EULCS,Vitality,Cabochard,Renekton,10815,13713.058598907124,11300
EULCS,Roccat,Phaxi,Renekton,13821,11481.843946122006,13200
EULCS,Misfits,Alphari,Renekton,11631,13713.058598907128,12275
EULCS,Misfits,Alphari,Renekton,7634,11481.84394612201,8150
EULCS,Misfits,Alphari,Renekton,13256,13713.058598907128,15800
EULCS,Unicorns of Love,Vizicsacsi,Renekton,15896,11481.843946122011,10200
EULCS,Unicorns of Love,Vizicsacsi,Renekton,11734,11481.843946122006,8750
EULCS,Vitality,Cabochard,Renekton,17582,11481.84394612201,13100
EULCS,Misfits,Alphari,Renekton,7415,13713.05859890712,12025
EULCS,Misfits,Alphari,Renekton,14400,11481.843946122006,19150
EULCS,Ninjas in Pyjamas,Profit,Renekton,7045,11481.84394612201,15025
EULCS,Roccat,Phaxi,Renekton,9294,11481.84394612201,11950
EULCS,G2 Esports,Expect,Renekton,11323,13713.058598907128,11250
EULCS,G2 Esports,Expect,Renekton,24011,13713.058598907128,15275
EULCS,Ninjas in Pyjamas,Profit,Renekton,16009,13713.058598907128,13550
EULCS,Ninjas in Pyjamas,Profit,Renekton,10954,11481.84394612201,11725
EULCS,Ninjas in Pyjamas,Profit,Renekton,5446,11481.843946122002,12575
EULCS,Vitality,Cabochard,Renekton,10315,13713.058598907124,12400
EULCS,Roccat,Phaxi,Renekton,6155,11481.843946122011,8425
EULCS,Roccat,Phaxi,Renekton,7171,11481.84394612201,7625
EULCS,Mysterious Monkeys,Kikis,Renekton,8326,13713.058598907124,11445
EULCS,G2 Esports,Expect,Renekton,11887,13713.058598907128,11550
EULCS,Mysterious Monkeys,Kikis,Renekton,9677,11481.843946122006,9920
EULCS,G2 Esports,Expect,Renekton,6598,11481.84394612201,13780
EULCS,Unicorns of Love,Vizicsacsi,Renekton,7739,11481.84394612201,9895
EULCS,Mysterious Monkeys,Kikis,Renekton,16025,11481.843946122011,11200
EULCS,G2 Esports,Expect,Rumble,22457,20854.170706220462,14425
EULCS,G2 Esports,Expect,Rumble,23978,20854.170706220462,14935
EULCS,Misfits,Alphari,Rumble,30182,17624.199732554112,13725
EULCS,Misfits,Alphari,Rumble,10157,17624.199732554112,11325
EULCS,Unicorns of Love,Vizicsacsi,Rumble,24281,20854.170706220462,12550
EULCS,Vitality,Cabochard,Rumble,37657,17624.199732554112,14675
EULCS,Unicorns of Love,Vizicsacsi,Rumble,19122,20854.170706220462,12745
EULCS,G2 Esports,Expect,Rumble,10472,20854.170706220462,10375
EULCS,Origen,Satorius,Rumble,15405,17624.199732554127,10925
EULCS,Unicorns of Love,Vizicsacsi,Rumble,15386,20854.170706220473,8435
EULCS,G2 Esports,Expect,Rumble,17886,20854.170706220455,16020
EULCS,G2 Esports,Expect,Rumble,28e3,17624.199732554112,14505
EULCS,H2K,Odoamne,Rumble,26662,20854.170706220462,13055
EULCS,G2 Esports,Send0o,Rumble,15538,17624.199732554127,13610
EULCS,Ninjas in Pyjamas,Profit,Rumble,13219,17624.199732554127,11210
EULCS,Misfits,Alphari,Rumble,12711,20854.170706220455,9885
EULCS,Misfits,Alphari,Rumble,19052,20854.170706220462,18800
EULCS,Vitality,Cabochard,Rumble,15821,17624.199732554127,13050
EULCS,Misfits,Alphari,Rumble,12175,17624.199732554127,10310
EULCS,G2 Esports,Expect,Rumble,13849,17624.199732554127,11835
EULCS,G2 Esports,Expect,Rumble,16824,20854.170706220462,8675
EULCS,Ninjas in Pyjamas,Profit,Rumble,18139,17624.199732554127,10985
EULCS,Ninjas in Pyjamas,Profit,Rumble,14767,17624.199732554127,10775
EULCS,H2K,Odoamne,Rumble,12452,17624.199732554127,9235
EULCS,Vitality,Cabochard,Rumble,17946,17624.199732554127,11935
EULCS,Vitality,Cabochard,Rumble,36356,20854.170706220455,19175
EULCS,Vitality,Cabochard,Rumble,19228,17624.199732554127,13e3
EULCS,Splyce,Wunder,Rumble,19400,17624.199732554127,14575
EULCS,Splyce,Wunder,Rumble,27143,20854.170706220473,15600
EULCS,Splyce,Wunder,Rumble,12197,20854.170706220462,9560
EULCS,Unicorns of Love,Vizicsacsi,Rumble,14283,20854.170706220473,9260
EULCS,G2 Esports,Expect,Rumble,17944,20854.170706220455,11325
EULCS,G2 Esports,Expect,Rumble,8083,17624.199732554112,9105
EULCS,Ninjas in Pyjamas,Profit,Rumble,21158,17624.199732554127,14930
EULCS,Ninjas in Pyjamas,Profit,Rumble,17007,17624.199732554127,10725
EULCS,Splyce,Wunder,Rumble,17395,17624.199732554127,11875
EULCS,Splyce,Wunder,Rumble,18006,17624.199732554127,14185
EULCS,Vitality,Cabochard,Rumble,17288,20854.170706220462,13825
EULCS,Misfits,Alphari,Rumble,19081,17624.199732554127,17210
EULCS,Misfits,Alphari,Rumble,19855,17624.199732554127,12635
EULCS,Unicorns of Love,Vizicsacsi,Rumble,16193,17624.199732554127,12100
EULCS,Ninjas in Pyjamas,Profit,Rumble,31916,17624.199732554112,12025
EULCS,Vitality,Cabochard,Rumble,12600,20854.170706220462,12975
EULCS,Vitality,Cabochard,Rumble,17746,17624.199732554127,13575
EULCS,Unicorns of Love,Vizicsacsi,Rumble,19366,17624.199732554127,8610
EULCS,Vitality,Cabochard,Rumble,16216,17624.199732554127,9350
EULCS,Unicorns of Love,Vizicsacsi,Rumble,16601,17624.199732554127,12425
EULCS,H2K,Odoamne,Rumble,15702,20854.170706220473,11975
EULCS,Vitality,Cabochard,Rumble,16353,20854.170706220473,11110
EULCS,H2K,Odoamne,Rumble,15525,20854.170706220473,10625
EULCS,H2K,Odoamne,Rumble,40029,20854.170706220455,14860
EULCS,Vitality,Cabochard,Rumble,13568,17624.199732554127,9410
EULCS,Ninjas in Pyjamas,Profit,Rumble,16668,20854.170706220462,10775
EULCS,H2K,Odoamne,Shen,13649,12385.839345633301,14300
EULCS,Fnatic,sOAZ,Shen,7756,12385.839345633301,9e3
EULCS,Giants,Flaxxish,Shen,11554,12385.839345633298,17175
EULCS,Fnatic,sOAZ,Shen,7385,12385.839345633301,8975
EULCS,Fnatic,sOAZ,Shen,14419,12385.839345633296,15200
EULCS,H2K,Odoamne,Shen,7267,12385.839345633301,14600
EULCS,H2K,Odoamne,Shen,9533,12385.839345633296,10775
EULCS,Fnatic,sOAZ,Shen,9579,12385.839345633296,11e3
EULCS,Fnatic,sOAZ,Shen,11589,12385.839345633298,12150
EULCS,Fnatic,sOAZ,Shen,18610,10414.773440590827,13275
EULCS,Fnatic,sOAZ,Shen,9254,12385.839345633296,8225
EULCS,Roccat,Phaxi,Shen,8028,10414.773440590832,12025
EULCS,Unicorns of Love,Vizicsacsi,Shen,7514,12385.839345633301,10950
EULCS,Mysterious Monkeys,Jisu,Shen,5978,10414.773440590838,7100
EULCS,Fnatic,sOAZ,Shen,15074,12385.839345633296,17375
EULCS,Fnatic,sOAZ,Shen,9304,12385.839345633296,9900
EULCS,Unicorns of Love,Vizicsacsi,Shen,19580,12385.839345633301,10175
EULCS,Misfits,Alphari,Shen,8331,12385.839345633301,9200
EULCS,Ninjas in Pyjamas,Profit,Shen,9754,10414.773440590832,11950
EULCS,H2K,Odoamne,Shen,14979,12385.839345633296,14800
EULCS,Unicorns of Love,Vizicsacsi,Shen,9669,12385.839345633296,1e4
EULCS,Unicorns of Love,Vizicsacsi,Shen,5921,12385.839345633298,10800
EULCS,Vitality,Cabochard,Shen,15247,12385.839345633296,13445
EULCS,Unicorns of Love,Vizicsacsi,Shen,16893,12385.839345633301,12700
EULCS,H2K,Odoamne,Shen,11308,12385.839345633301,7975
EULCS,H2K,Odoamne,Shen,9834,10414.773440590832,8200
EULCS,Vitality,Cabochard,Shen,9185,12385.839345633296,13175
EULCS,Ninjas in Pyjamas,Profit,Shen,11521,12385.839345633298,14950
EULCS,H2K,Odoamne,Shen,11343,12385.839345633301,7850
EULCS,H2K,Odoamne,Shen,5788,10414.773440590838,9450
EULCS,Fnatic,sOAZ,Shen,24649,10414.773440590829,15850
EULCS,Unicorns of Love,Vizicsacsi,Shen,9181,10414.773440590834,8450
EULCS,Vitality,Cabochard,Shen,10380,12385.839345633296,12920
EULCS,Mysterious Monkeys,Kikis,Shen,17056,12385.839345633301,12625
EULCS,Mysterious Monkeys,Kikis,Shen,7184,10414.773440590832,10725
EULCS,Ninjas in Pyjamas,Profit,Shen,5416,10414.773440590838,11350
